name,full_name,url,stars,forks,pushed_at
public-apis,public-apis/public-apis,https://github.com/public-apis/public-apis,319146,33968,2024-10-31T19:50:02Z
system-design-primer,donnemartin/system-design-primer,https://github.com/donnemartin/system-design-primer,278158,46591,2024-12-02T01:10:39Z
awesome-python,vinta/awesome-python,https://github.com/vinta/awesome-python,226369,24957,2024-08-11T17:10:18Z
Python,TheAlgorithms/Python,https://github.com/TheAlgorithms/Python,194826,45835,2024-12-02T21:35:33Z
AutoGPT,Significant-Gravitas/AutoGPT,https://github.com/Significant-Gravitas/AutoGPT,168843,44468,2024-12-03T11:51:28Z
Python-100-Days,jackfrued/Python-100-Days,https://github.com/jackfrued/Python-100-Days,158431,52557,2024-08-15T10:52:27Z
stable-diffusion-webui,AUTOMATIC1111/stable-diffusion-webui,https://github.com/AUTOMATIC1111/stable-diffusion-webui,143808,27048,2024-11-28T08:39:13Z
transformers,huggingface/transformers,https://github.com/huggingface/transformers,135813,27187,2024-12-03T10:58:29Z
youtube-dl,ytdl-org/youtube-dl,https://github.com/ytdl-org/youtube-dl,132743,10072,2024-10-15T20:11:28Z
HelloGitHub,521xueweihan/HelloGitHub,https://github.com/521xueweihan/HelloGitHub,94840,9692,2024-11-28T01:26:31Z
yt-dlp,yt-dlp/yt-dlp,https://github.com/yt-dlp/yt-dlp,91714,7131,2024-12-03T04:08:47Z
thefuck,nvbn/thefuck,https://github.com/nvbn/thefuck,85678,3431,2024-07-19T14:56:13Z
pytorch,pytorch/pytorch,https://github.com/pytorch/pytorch,84688,22806,2024-12-03T12:06:44Z
django,django/django,https://github.com/django/django,81279,31892,2024-12-03T10:19:55Z
fastapi,fastapi/fastapi,https://github.com/fastapi/fastapi,78255,6693,2024-12-02T18:02:17Z
models,tensorflow/models,https://github.com/tensorflow/models,77243,45751,2024-12-03T00:11:58Z
core,home-assistant/core,https://github.com/home-assistant/core,74163,31134,2024-12-03T12:06:56Z
whisper,openai/whisper,https://github.com/openai/whisper,72225,8598,2024-12-01T05:47:01Z
manim,3b1b/manim,https://github.com/3b1b/manim,71570,6282,2024-11-30T16:08:56Z
funNLP,fighting41love/funNLP,https://github.com/fighting41love/funNLP,69539,14550,2024-05-10T07:38:24Z
flask,pallets/flask,https://github.com/pallets/flask,68232,16251,2024-11-24T01:54:35Z
devops-exercises,bregman-arie/devops-exercises,https://github.com/bregman-arie/devops-exercises,66869,14937,2024-08-31T08:15:03Z
awesome-machine-learning,josephmisiti/awesome-machine-learning,https://github.com/josephmisiti/awesome-machine-learning,66177,14662,2024-11-11T16:08:31Z
gpt_academic,binary-husky/gpt_academic,https://github.com/binary-husky/gpt_academic,66103,8108,2024-12-01T17:58:16Z
screenshot-to-code,abi/screenshot-to-code,https://github.com/abi/screenshot-to-code,64549,7869,2024-11-07T19:46:00Z
d2l-zh,d2l-ai/d2l-zh,https://github.com/d2l-ai/d2l-zh,64094,11089,2024-07-30T09:32:19Z
cpython,python/cpython,https://github.com/python/cpython,63862,30564,2024-12-03T06:52:12Z
ansible,ansible/ansible,https://github.com/ansible/ansible,63148,23933,2024-12-02T18:35:58Z
gpt4free,xtekky/gpt4free,https://github.com/xtekky/gpt4free,62468,13404,2024-12-02T09:04:35Z
keras,keras-team/keras,https://github.com/keras-team/keras,62149,19486,2024-12-02T18:15:19Z
PayloadsAllTheThings,swisskyrepo/PayloadsAllTheThings,https://github.com/swisskyrepo/PayloadsAllTheThings,61706,14736,2024-12-01T11:53:10Z
sherlock,sherlock-project/sherlock,https://github.com/sherlock-project/sherlock,60782,6991,2024-11-13T21:56:34Z
scikit-learn,scikit-learn/scikit-learn,https://github.com/scikit-learn/scikit-learn,60322,25434,2024-12-02T17:07:41Z
ComfyUI,comfyanonymous/ComfyUI,https://github.com/comfyanonymous/ComfyUI,58818,6240,2024-12-03T11:12:05Z
open-interpreter,OpenInterpreter/open-interpreter,https://github.com/OpenInterpreter/open-interpreter,57218,4912,2024-12-02T18:04:03Z
annotated_deep_learning_paper_implementations,labmlai/annotated_deep_learning_paper_implementations,https://github.com/labmlai/annotated_deep_learning_paper_implementations,56799,5818,2024-08-24T09:18:59Z
llama,meta-llama/llama,https://github.com/meta-llama/llama,56632,9590,2024-08-18T07:07:28Z
localstack,localstack/localstack,https://github.com/localstack/localstack,56625,4034,2024-12-03T11:41:47Z
private-gpt,zylon-ai/private-gpt,https://github.com/zylon-ai/private-gpt,54325,7302,2024-11-13T19:30:32Z
you-get,soimort/you-get,https://github.com/soimort/you-get,54010,9647,2024-10-28T16:46:45Z
face_recognition,ageitgey/face_recognition,https://github.com/ageitgey/face_recognition,53607,13510,2024-08-21T06:22:36Z
scrapy,scrapy/scrapy,https://github.com/scrapy/scrapy,53373,10591,2024-11-25T15:13:36Z
Real-Time-Voice-Cloning,CorentinJ/Real-Time-Voice-Cloning,https://github.com/CorentinJ/Real-Time-Voice-Cloning,52870,8810,2024-08-14T19:54:03Z
faceswap,deepfakes/faceswap,https://github.com/deepfakes/faceswap,52591,13241,2024-11-19T23:13:32Z
gpt-engineer,gpt-engineer-org/gpt-engineer,https://github.com/gpt-engineer-org/gpt-engineer,52550,6831,2024-11-17T22:47:32Z
requests,psf/requests,https://github.com/psf/requests,52237,9342,2024-11-10T16:18:37Z
yolov5,ultralytics/yolov5,https://github.com/ultralytics/yolov5,51233,16443,2024-11-26T16:29:53Z
hackingtool,Z4nzu/hackingtool,https://github.com/Z4nzu/hackingtool,50834,5458,2024-07-31T13:30:04Z
openpilot,commaai/openpilot,https://github.com/commaai/openpilot,50067,9147,2024-12-03T11:06:08Z
rich,Textualize/rich,https://github.com/Textualize/rich,49764,1738,2024-12-02T16:01:57Z
grok-1,xai-org/grok-1,https://github.com/xai-org/grok-1,49648,8331,2024-08-30T04:17:25Z
professional-programming,charlax/professional-programming,https://github.com/charlax/professional-programming,46797,3729,2024-11-30T16:12:43Z
big-list-of-naughty-strings,minimaxir/big-list-of-naughty-strings,https://github.com/minimaxir/big-list-of-naughty-strings,46223,2133,2024-04-18T03:26:59Z
MetaGPT,geekan/MetaGPT,https://github.com/geekan/MetaGPT,45672,5426,2024-12-02T12:54:25Z
PaddleOCR,PaddlePaddle/PaddleOCR,https://github.com/PaddlePaddle/PaddleOCR,44731,7861,2024-12-03T04:03:02Z
pandas,pandas-dev/pandas,https://github.com/pandas-dev/pandas,43936,18032,2024-12-03T03:49:06Z
30-Days-Of-Python,Asabeneh/30-Days-Of-Python,https://github.com/Asabeneh/30-Days-Of-Python,43120,8229,2024-10-09T08:43:32Z
Fooocus,lllyasviel/Fooocus,https://github.com/lllyasviel/Fooocus,41772,5972,2024-08-21T01:49:14Z
Deep-Live-Cam,hacksider/Deep-Live-Cam,https://github.com/hacksider/Deep-Live-Cam,41323,6028,2024-11-30T18:07:38Z
text-generation-webui,oobabooga/text-generation-webui,https://github.com/oobabooga/text-generation-webui,40927,5340,2024-12-03T02:49:53Z
ChatGLM-6B,THUDM/ChatGLM-6B,https://github.com/THUDM/ChatGLM-6B,40763,5226,2024-06-27T04:05:25Z
python-patterns,faif/python-patterns,https://github.com/faif/python-patterns,40580,6946,2024-09-05T20:53:59Z
diagrams,mingrammer/diagrams,https://github.com/mingrammer/diagrams,39868,2551,2024-12-02T08:20:07Z
ailearning,apachecn/ailearning,https://github.com/apachecn/ailearning,39657,11460,2024-11-12T16:21:55Z
stablediffusion,Stability-AI/stablediffusion,https://github.com/Stability-AI/stablediffusion,39354,5069,2024-10-10T21:28:57Z
sentry,getsentry/sentry,https://github.com/getsentry/sentry,39328,4213,2024-12-03T11:56:00Z
black,psf/black,https://github.com/psf/black,39263,2477,2024-11-28T03:59:30Z
odoo,odoo/odoo,https://github.com/odoo/odoo,39241,25410,2024-12-03T12:04:11Z
ColossalAI,hpcaitech/ColossalAI,https://github.com/hpcaitech/ColossalAI,38857,4349,2024-12-02T03:29:19Z
cheat.sh,chubin/cheat.sh,https://github.com/chubin/cheat.sh,38535,1795,2024-11-13T11:51:19Z
Deep-Learning-Papers-Reading-Roadmap,floodsung/Deep-Learning-Papers-Reading-Roadmap,https://github.com/floodsung/Deep-Learning-Papers-Reading-Roadmap,38386,7326,2022-11-27T13:18:32Z
bert,google-research/bert,https://github.com/google-research/bert,38298,9622,2024-07-23T23:39:41Z
OpenHands,All-Hands-AI/OpenHands,https://github.com/All-Hands-AI/OpenHands,37846,4281,2024-12-03T09:29:07Z
nanoGPT,karpathy/nanoGPT,https://github.com/karpathy/nanoGPT,37660,6011,2024-08-19T10:49:32Z
airflow,apache/airflow,https://github.com/apache/airflow,37447,14360,2024-12-03T11:34:11Z
FastChat,lm-sys/FastChat,https://github.com/lm-sys/FastChat,37116,4572,2024-11-29T21:46:41Z
llama_index,run-llama/llama_index,https://github.com/run-llama/llama_index,37107,5323,2024-12-03T04:23:30Z
Open-Assistant,LAION-AI/Open-Assistant,https://github.com/LAION-AI/Open-Assistant,37097,3242,2024-08-17T01:55:35Z
mitmproxy,mitmproxy/mitmproxy,https://github.com/mitmproxy/mitmproxy,37026,4055,2024-12-02T06:14:47Z
quivr,QuivrHQ/quivr,https://github.com/QuivrHQ/quivr,36797,3597,2024-11-28T11:16:48Z
interview_internal_reference,0voice/interview_internal_reference,https://github.com/0voice/interview_internal_reference,36672,9441,2024-05-20T12:04:02Z
python-cheatsheet,gto76/python-cheatsheet,https://github.com/gto76/python-cheatsheet,36567,6481,2024-12-03T05:11:28Z
GPT-SoVITS,RVC-Boss/GPT-SoVITS,https://github.com/RVC-Boss/GPT-SoVITS,36427,4158,2024-11-07T10:19:20Z
streamlit,streamlit/streamlit,https://github.com/streamlit/streamlit,35994,3110,2024-12-03T11:29:56Z
GFPGAN,TencentARC/GFPGAN,https://github.com/TencentARC/GFPGAN,35955,5962,2024-07-26T18:44:02Z
wtfpython,satwikkansal/wtfpython,https://github.com/satwikkansal/wtfpython,35869,2661,2024-11-26T15:56:16Z
TTS,coqui-ai/TTS,https://github.com/coqui-ai/TTS,35850,4384,2024-08-16T12:07:14Z
DragGAN,XingangPan/DragGAN,https://github.com/XingangPan/DragGAN,35767,3447,2024-05-18T17:51:40Z
DeepSpeed,microsoft/DeepSpeed,https://github.com/microsoft/DeepSpeed,35723,4147,2024-12-03T03:04:00Z
LLaMA-Factory,hiyouga/LLaMA-Factory,https://github.com/hiyouga/LLaMA-Factory,35428,4361,2024-11-28T09:01:58Z
MockingBird,babysor/MockingBird,https://github.com/babysor/MockingBird,35424,5210,2024-11-15T05:00:29Z
autogen,microsoft/autogen,https://github.com/microsoft/autogen,35279,5100,2024-12-03T08:39:18Z
WeChatMsg,LC044/WeChatMsg,https://github.com/LC044/WeChatMsg,34997,3650,2024-11-26T04:22:23Z
gym,openai/gym,https://github.com/openai/gym,34907,8613,2024-10-11T20:07:05Z
TaskMatrix,chenfei-wu/TaskMatrix,https://github.com/chenfei-wu/TaskMatrix,34560,3318,2024-01-06T02:41:20Z
gradio,gradio-app/gradio,https://github.com/gradio-app/gradio,34329,2609,2024-12-03T00:07:25Z
ray,ray-project/ray,https://github.com/ray-project/ray,34270,5816,2024-12-03T10:38:21Z
OpenBB,OpenBB-finance/OpenBB,https://github.com/OpenBB-finance/OpenBB,34230,3145,2024-12-03T10:56:54Z
cli,httpie/cli,https://github.com/httpie/cli,34097,3684,2024-11-01T17:35:37Z
HanLP,hankcs/HanLP,https://github.com/hankcs/HanLP,34040,10201,2024-12-02T03:44:29Z
12306,testerSunshine/12306,https://github.com/testerSunshine/12306,33896,9793,2023-04-02T03:19:43Z
shadowsocks,shadowsocks/shadowsocks,https://github.com/shadowsocks/shadowsocks,33588,18579,2024-04-01T09:07:32Z
jieba,fxsjy/jieba,https://github.com/fxsjy/jieba,33439,6728,2024-08-21T09:23:45Z
ultralytics,ultralytics/ultralytics,https://github.com/ultralytics/ultralytics,33436,6428,2024-12-03T11:22:39Z
ccxt,ccxt/ccxt,https://github.com/ccxt/ccxt,33415,7573,2024-12-02T19:42:37Z
XX-Net,XX-net/XX-Net,https://github.com/XX-net/XX-Net,33075,7688,2024-06-11T04:53:12Z
sqlmap,sqlmapproject/sqlmap,https://github.com/sqlmapproject/sqlmap,32743,5741,2024-11-19T12:25:44Z
ChatTTS,2noise/ChatTTS,https://github.com/2noise/ChatTTS,32738,3554,2024-11-29T05:34:52Z
pytorch-image-models,huggingface/pytorch-image-models,https://github.com/huggingface/pytorch-image-models,32459,4773,2024-12-03T00:56:53Z
Python,geekcomputers/Python,https://github.com/geekcomputers/Python,32018,12320,2024-12-02T19:04:15Z
gpt-pilot,Pythagora-io/gpt-pilot,https://github.com/Pythagora-io/gpt-pilot,31984,3228,2024-10-03T14:56:36Z
poetry,python-poetry/poetry,https://github.com/python-poetry/poetry,31898,2282,2024-12-03T04:37:11Z
freqtrade,freqtrade/freqtrade,https://github.com/freqtrade/freqtrade,31708,6428,2024-12-03T05:53:41Z
certbot,certbot/certbot,https://github.com/certbot/certbot,31660,3410,2024-12-03T02:14:46Z
chatgpt-on-wechat,zhayujie/chatgpt-on-wechat,https://github.com/zhayujie/chatgpt-on-wechat,31623,8227,2024-12-02T13:53:52Z
vllm,vllm-project/vllm,https://github.com/vllm-project/vllm,31203,4742,2024-12-03T10:33:11Z
ControlNet,lllyasviel/ControlNet,https://github.com/lllyasviel/ControlNet,30715,2754,2024-02-25T09:49:39Z
detectron2,facebookresearch/detectron2,https://github.com/facebookresearch/detectron2,30682,7511,2024-11-21T19:12:36Z
jax,jax-ml/jax,https://github.com/jax-ml/jax,30640,2822,2024-12-03T11:58:21Z
fairseq,facebookresearch/fairseq,https://github.com/facebookresearch/fairseq,30625,6417,2024-10-18T16:40:02Z
spaCy,explosion/spaCy,https://github.com/explosion/spaCy,30369,4414,2024-11-19T09:43:56Z
pytorch-tutorial,yunjey/pytorch-tutorial,https://github.com/yunjey/pytorch-tutorial,30363,8139,2023-08-15T10:17:50Z
linux-insides,0xAX/linux-insides,https://github.com/0xAX/linux-insides,30080,3375,2024-11-23T18:42:33Z
OpenVoice,myshell-ai/OpenVoice,https://github.com/myshell-ai/OpenVoice,29960,2954,2024-08-21T18:04:49Z
mmdetection,open-mmlab/mmdetection,https://github.com/open-mmlab/mmdetection,29727,9478,2024-08-21T02:01:07Z
stanford_alpaca,tatsu-lab/stanford_alpaca,https://github.com/tatsu-lab/stanford_alpaca,29606,4057,2024-07-17T09:43:05Z
interactive-coding-challenges,donnemartin/interactive-coding-challenges,https://github.com/donnemartin/interactive-coding-challenges,29603,4463,2024-05-08T23:07:36Z
tqdm,tqdm/tqdm,https://github.com/tqdm/tqdm,28827,1363,2024-11-24T10:01:34Z
roop,s0md3v/roop,https://github.com/s0md3v/roop,28683,7025,2024-08-19T12:57:17Z
Real-ESRGAN,xinntao/Real-ESRGAN,https://github.com/xinntao/Real-ESRGAN,28667,3600,2024-08-06T13:15:18Z
pytorch-lightning,Lightning-AI/pytorch-lightning,https://github.com/Lightning-AI/pytorch-lightning,28544,3394,2024-11-26T16:19:25Z
django-rest-framework,encode/django-rest-framework,https://github.com/encode/django-rest-framework,28529,6852,2024-11-18T11:43:54Z
CheatSheetSeries,OWASP/CheatSheetSeries,https://github.com/OWASP/CheatSheetSeries,28287,3964,2024-11-27T13:31:10Z
numpy,numpy/numpy,https://github.com/numpy/numpy,28209,10163,2024-12-02T17:09:32Z
ChatGPT,acheong08/ChatGPT,https://github.com/acheong08/ChatGPT,28040,4481,2023-08-02T06:02:10Z
Umi-OCR,hiroi-sora/Umi-OCR,https://github.com/hiroi-sora/Umi-OCR,27677,2779,2024-10-18T04:09:08Z
data-science-ipython-notebooks,donnemartin/data-science-ipython-notebooks,https://github.com/donnemartin/data-science-ipython-notebooks,27564,7890,2024-03-20T13:52:34Z
llama3,meta-llama/llama3,https://github.com/meta-llama/llama3,27346,3098,2024-08-12T11:52:01Z
python-fire,google/python-fire,https://github.com/google/python-fire,27151,1450,2024-12-01T08:10:56Z
Hello-Python,mouredev/Hello-Python,https://github.com/mouredev/Hello-Python,27073,1771,2024-11-22T10:15:50Z
tinygrad,tinygrad/tinygrad,https://github.com/tinygrad/tinygrad,27069,3005,2024-12-03T12:01:42Z
glances,nicolargo/glances,https://github.com/nicolargo/glances,27046,1538,2024-12-03T03:32:23Z
hosts,StevenBlack/hosts,https://github.com/StevenBlack/hosts,27034,2238,2024-12-03T01:07:24Z
DeepFaceLive,iperov/DeepFaceLive,https://github.com/iperov/DeepFaceLive,27027,88,2024-11-08T03:07:42Z
manim,ManimCommunity/manim,https://github.com/ManimCommunity/manim,26892,1847,2024-12-02T21:06:53Z
mindsdb,mindsdb/mindsdb,https://github.com/mindsdb/mindsdb,26874,4888,2024-12-03T09:47:43Z
redash,getredash/redash,https://github.com/getredash/redash,26502,4386,2024-12-01T00:40:40Z
diffusers,huggingface/diffusers,https://github.com/huggingface/diffusers,26449,5449,2024-12-03T10:25:35Z
python-telegram-bot,python-telegram-bot/python-telegram-bot,https://github.com/python-telegram-bot/python-telegram-bot,26446,5357,2024-12-02T05:18:34Z
Detectron,facebookresearch/Detectron,https://github.com/facebookresearch/Detectron,26285,5458,2023-11-20T09:13:34Z
cascadia-code,microsoft/cascadia-code,https://github.com/microsoft/cascadia-code,26098,809,2024-11-27T16:20:51Z
Depix,spipm/Depix,https://github.com/spipm/Depix,26084,3198,2024-08-19T16:48:38Z
vnpy,vnpy/vnpy,https://github.com/vnpy/vnpy,26052,8878,2024-11-29T02:10:31Z
so-vits-svc,svc-develop-team/so-vits-svc,https://github.com/svc-develop-team/so-vits-svc,26019,4840,2023-11-11T13:11:31Z
spleeter,deezer/spleeter,https://github.com/deezer/spleeter,26004,2855,2024-10-29T16:47:11Z
textual,Textualize/textual,https://github.com/Textualize/textual,25812,802,2024-12-03T11:57:38Z
ItChat,littlecodersh/ItChat,https://github.com/littlecodersh/ItChat,25674,5647,2023-09-28T07:46:58Z
jumpserver,jumpserver/jumpserver,https://github.com/jumpserver/jumpserver,25628,5348,2024-12-03T11:18:10Z
YouCompleteMe,ycm-core/YouCompleteMe,https://github.com/ycm-core/YouCompleteMe,25482,2809,2024-11-25T09:12:28Z
MiniGPT-4,Vision-CAIR/MiniGPT-4,https://github.com/Vision-CAIR/MiniGPT-4,25458,2923,2024-09-02T09:07:21Z
GPT_API_free,chatanywhere/GPT_API_free,https://github.com/chatanywhere/GPT_API_free,25324,1896,2024-11-24T18:43:02Z
locust,locustio/locust,https://github.com/locustio/locust,25162,3002,2024-12-02T19:19:05Z
celery,celery/celery,https://github.com/celery/celery,24985,4685,2024-12-03T12:00:29Z
Retrieval-based-Voice-Conversion-WebUI,RVC-Project/Retrieval-based-Voice-Conversion-WebUI,https://github.com/RVC-Project/Retrieval-based-Voice-Conversion-WebUI,24930,3646,2024-11-24T15:09:44Z
pipenv,pypa/pipenv,https://github.com/pypa/pipenv,24915,1874,2024-11-07T19:25:00Z
kitty,kovidgoyal/kitty,https://github.com/kovidgoyal/kitty,24832,995,2024-12-03T06:54:21Z
wttr.in,chubin/wttr.in,https://github.com/chubin/wttr.in,24827,1114,2024-10-30T07:09:19Z
generative-models,Stability-AI/generative-models,https://github.com/Stability-AI/generative-models,24770,2749,2024-09-04T22:00:56Z
Mask_RCNN,matterport/Mask_RCNN,https://github.com/matterport/Mask_RCNN,24748,11712,2024-06-07T02:36:21Z
EasyOCR,JaidedAI/EasyOCR,https://github.com/JaidedAI/EasyOCR,24720,3177,2024-09-24T11:24:36Z
ragflow,infiniflow/ragflow,https://github.com/infiniflow/ragflow,24469,2381,2024-12-03T11:03:16Z
supervision,roboflow/supervision,https://github.com/roboflow/supervision,24357,1807,2024-12-02T19:03:58Z
d2l-en,d2l-ai/d2l-en,https://github.com/d2l-ai/d2l-en,24125,4382,2024-08-18T08:02:36Z
algorithms,keon/algorithms,https://github.com/keon/algorithms,24124,4608,2024-07-14T17:48:07Z
ML-From-Scratch,eriklindernoren/ML-From-Scratch,https://github.com/eriklindernoren/ML-From-Scratch,24057,4605,2023-10-15T06:05:06Z
JARVIS,microsoft/JARVIS,https://github.com/microsoft/JARVIS,23754,1972,2024-09-26T06:43:22Z
insightface,deepinsight/insightface,https://github.com/deepinsight/insightface,23623,5441,2024-11-22T03:36:34Z
PythonRobotics,AtsushiSakai/PythonRobotics,https://github.com/AtsushiSakai/PythonRobotics,23537,6578,2024-12-02T20:15:12Z
GitHub520,521xueweihan/GitHub520,https://github.com/521xueweihan/GitHub520,23464,2300,2024-12-03T10:06:53Z
deep-learning-for-image-processing,WZMIAOMIAO/deep-learning-for-image-processing,https://github.com/WZMIAOMIAO/deep-learning-for-image-processing,23364,8022,2024-07-25T10:17:28Z
openai-python,openai/openai-python,https://github.com/openai/openai-python,23285,3274,2024-12-03T05:04:29Z
pytorch-CycleGAN-and-pix2pix,junyanz/pytorch-CycleGAN-and-pix2pix,https://github.com/junyanz/pytorch-CycleGAN-and-pix2pix,23198,6330,2024-05-14T21:56:57Z
mem0,mem0ai/mem0,https://github.com/mem0ai/mem0,23128,2135,2024-11-28T11:36:05Z
algo,wangzheng0822/algo,https://github.com/wangzheng0822/algo,22955,7075,2024-08-21T07:31:34Z
labelImg,HumanSignal/labelImg,https://github.com/HumanSignal/labelImg,22879,6324,2024-06-07T20:24:32Z
NLP-progress,sebastianruder/NLP-progress,https://github.com/sebastianruder/NLP-progress,22746,3624,2024-07-28T00:44:25Z
aider,Aider-AI/aider,https://github.com/Aider-AI/aider,22744,2116,2024-12-03T02:51:15Z
cookiecutter,cookiecutter/cookiecutter,https://github.com/cookiecutter/cookiecutter,22710,2007,2024-12-02T23:44:52Z
Auto_Jobs_Applier_AI_Agent,AIHawk-FOSS/Auto_Jobs_Applier_AI_Agent,https://github.com/AIHawk-FOSS/Auto_Jobs_Applier_AI_Agent,22702,3370,2024-12-03T11:44:00Z
gpt-2,openai/gpt-2,https://github.com/openai/gpt-2,22596,5533,2024-08-14T10:50:53Z
ArchiveBox,ArchiveBox/ArchiveBox,https://github.com/ArchiveBox/ArchiveBox,22533,1194,2024-12-03T10:15:20Z
examples,pytorch/examples,https://github.com/pytorch/examples,22498,9557,2024-11-08T21:26:54Z
Hitomi-Downloader,KurtBestor/Hitomi-Downloader,https://github.com/KurtBestor/Hitomi-Downloader,22471,2064,2024-10-28T17:38:38Z
Open-Sora,hpcaitech/Open-Sora,https://github.com/hpcaitech/Open-Sora,22433,2196,2024-11-28T05:51:34Z
paperless-ngx,paperless-ngx/paperless-ngx,https://github.com/paperless-ngx/paperless-ngx,22406,1232,2024-12-03T10:29:57Z
Awesome-Linux-Software,luong-komorebi/Awesome-Linux-Software,https://github.com/luong-komorebi/Awesome-Linux-Software,22403,2063,2024-11-17T14:06:02Z
posthog,PostHog/posthog,https://github.com/PostHog/posthog,22363,1347,2024-12-03T12:04:59Z
erpnext,frappe/erpnext,https://github.com/frappe/erpnext,22082,7396,2024-12-03T12:01:08Z
crewAI,crewAIInc/crewAI,https://github.com/crewAIInc/crewAI,21936,3042,2024-12-02T23:53:39Z
tornado,tornadoweb/tornado,https://github.com/tornadoweb/tornado,21779,5508,2024-11-22T03:07:18Z
zulip,zulip/zulip,https://github.com/zulip/zulip,21714,7929,2024-12-03T02:12:39Z
proxy_pool,jhao104/proxy_pool,https://github.com/jhao104/proxy_pool,21676,5203,2024-09-10T07:42:51Z
dash,plotly/dash,https://github.com/plotly/dash,21601,2081,2024-12-02T21:35:09Z
pytorch_geometric,pyg-team/pytorch_geometric,https://github.com/pyg-team/pytorch_geometric,21509,3690,2024-11-28T16:19:36Z
pydantic,pydantic/pydantic,https://github.com/pydantic/pydantic,21419,1917,2024-12-03T12:06:53Z
serve,jina-ai/serve,https://github.com/jina-ai/serve,21154,2216,2024-11-12T23:03:58Z
audiocraft,facebookresearch/audiocraft,https://github.com/facebookresearch/audiocraft,21091,2174,2024-11-11T11:58:00Z
chatgpt-retrieval-plugin,openai/chatgpt-retrieval-plugin,https://github.com/openai/chatgpt-retrieval-plugin,21088,3684,2024-07-04T22:00:16Z
vit-pytorch,lucidrains/vit-pytorch,https://github.com/lucidrains/vit-pytorch,20897,3079,2024-11-24T16:21:36Z
saleor,saleor/saleor,https://github.com/saleor/saleor,20864,5526,2024-12-03T10:56:03Z
ungoogled-chromium,ungoogled-software/ungoogled-chromium,https://github.com/ungoogled-software/ungoogled-chromium,20862,848,2024-11-24T13:12:40Z
chinese-independent-blogs,timqian/chinese-independent-blogs,https://github.com/timqian/chinese-independent-blogs,20781,2488,2024-12-02T06:19:15Z
OSX-KVM,kholia/OSX-KVM,https://github.com/kholia/OSX-KVM,20743,1878,2024-10-10T06:13:13Z
Gooey,chriskiehl/Gooey,https://github.com/chriskiehl/Gooey,20688,1022,2024-02-21T16:05:35Z
LLaVA,haotian-liu/LLaVA,https://github.com/haotian-liu/LLaVA,20533,2265,2024-08-12T09:52:38Z
magic-wormhole,magic-wormhole/magic-wormhole,https://github.com/magic-wormhole/magic-wormhole,20533,647,2024-11-28T05:55:56Z
babyagi,yoheinakajima/babyagi,https://github.com/yoheinakajima/babyagi,20520,2698,2024-11-06T19:51:38Z
reflex,reflex-dev/reflex,https://github.com/reflex-dev/reflex,20518,1181,2024-12-03T05:00:00Z
ddia,Vonng/ddia,https://github.com/Vonng/ddia,20501,4281,2024-12-02T08:28:06Z
matplotlib,matplotlib/matplotlib,https://github.com/matplotlib/matplotlib,20392,7680,2024-12-03T01:55:56Z
minGPT,karpathy/minGPT,https://github.com/karpathy/minGPT,20317,2528,2024-08-15T04:09:40Z
unilm,microsoft/unilm,https://github.com/microsoft/unilm,20299,2561,2024-11-27T22:33:05Z
localGPT,PromtEngineer/localGPT,https://github.com/PromtEngineer/localGPT,20135,2252,2024-11-05T13:53:24Z
graphrag,microsoft/graphrag,https://github.com/microsoft/graphrag,20107,1966,2024-12-03T08:48:38Z
loguru,Delgan/loguru,https://github.com/Delgan/loguru,20106,704,2024-12-02T16:35:50Z
changedetection.io,dgtlmoon/changedetection.io,https://github.com/dgtlmoon/changedetection.io,20023,1082,2024-12-03T11:54:58Z
MinerU,opendatalab/MinerU,https://github.com/opendatalab/MinerU,20022,1425,2024-12-03T06:24:18Z
facefusion,facefusion/facefusion,https://github.com/facefusion/facefusion,19999,3073,2024-12-01T20:36:28Z
calibre,kovidgoyal/calibre,https://github.com/kovidgoyal/calibre,19956,2265,2024-12-03T10:42:58Z
IOPaint,Sanster/IOPaint,https://github.com/Sanster/IOPaint,19716,2008,2024-11-23T14:58:01Z
mkdocs,mkdocs/mkdocs,https://github.com/mkdocs/mkdocs,19503,2420,2024-11-06T15:31:45Z
dspy,stanfordnlp/dspy,https://github.com/stanfordnlp/dspy,19437,1475,2024-12-03T02:19:17Z
recommenders,recommenders-team/recommenders,https://github.com/recommenders-team/recommenders,19363,3115,2024-12-02T15:12:13Z
datasets,huggingface/datasets,https://github.com/huggingface/datasets,19319,2704,2024-11-29T17:00:40Z
mlc-llm,mlc-ai/mlc-llm,https://github.com/mlc-ai/mlc-llm,19306,1587,2024-11-21T23:23:53Z
magenta,magenta/magenta,https://github.com/magenta/magenta,19213,3749,2024-11-19T19:28:48Z
rasa,RasaHQ/rasa,https://github.com/RasaHQ/rasa,19021,4647,2024-11-29T10:44:11Z
mlflow,mlflow/mlflow,https://github.com/mlflow/mlflow,18922,4261,2024-12-03T10:31:44Z
unsloth,unslothai/unsloth,https://github.com/unslothai/unsloth,18792,1323,2024-12-01T10:36:19Z
awesome-free-chatgpt,LiLittleCat/awesome-free-chatgpt,https://github.com/LiLittleCat/awesome-free-chatgpt,18709,1295,2024-11-26T15:02:03Z
learn_python3_spider,wistbean/learn_python3_spider,https://github.com/wistbean/learn_python3_spider,18625,3755,2024-07-29T07:44:38Z
MoneyPrinterTurbo,harry0703/MoneyPrinterTurbo,https://github.com/harry0703/MoneyPrinterTurbo,18617,2845,2024-11-20T07:45:40Z
nginx-proxy,nginx-proxy/nginx-proxy,https://github.com/nginx-proxy/nginx-proxy,18610,3031,2024-12-03T07:32:58Z
mypy,python/mypy,https://github.com/python/mypy,18592,2850,2024-12-02T23:39:53Z
prophet,facebook/prophet,https://github.com/facebook/prophet,18575,4543,2024-10-28T18:51:40Z
devika,stitionai/devika,https://github.com/stitionai/devika,18550,2411,2024-09-19T16:11:25Z
ChatPaper,kaixindelele/ChatPaper,https://github.com/kaixindelele/ChatPaper,18545,1936,2024-04-04T02:45:02Z
ultimatevocalremovergui,Anjok07/ultimatevocalremovergui,https://github.com/Anjok07/ultimatevocalremovergui,18510,1380,2024-12-03T01:02:26Z
Chinese-LLaMA-Alpaca,ymcui/Chinese-LLaMA-Alpaca,https://github.com/ymcui/Chinese-LLaMA-Alpaca,18451,1869,2024-04-30T04:28:38Z
wagtail,wagtail/wagtail,https://github.com/wagtail/wagtail,18438,3907,2024-12-02T22:26:38Z
awesome-quant,wilsonfreitas/awesome-quant,https://github.com/wilsonfreitas/awesome-quant,18387,2648,2024-12-03T01:30:51Z
python-spider,Jack-Cherish/python-spider,https://github.com/Jack-Cherish/python-spider,18345,5960,2024-08-19T07:32:03Z
Ciphey,Ciphey/Ciphey,https://github.com/Ciphey/Ciphey,18309,1170,2024-03-26T06:01:50Z
marker,VikParuchuri/marker,https://github.com/VikParuchuri/marker,18215,1061,2024-12-03T08:39:19Z
MediaCrawler,NanmiCoder/MediaCrawler,https://github.com/NanmiCoder/MediaCrawler,18173,5614,2024-12-03T10:34:57Z
sanic,sanic-org/sanic,https://github.com/sanic-org/sanic,18121,1553,2024-11-13T19:08:16Z
flux,black-forest-labs/flux,https://github.com/black-forest-labs/flux,18075,1269,2024-11-21T15:00:44Z
DeOldify,jantic/DeOldify,https://github.com/jantic/DeOldify,18051,2580,2024-10-19T17:17:35Z
pyscript,pyscript/pyscript,https://github.com/pyscript/pyscript,18032,1443,2024-11-27T13:55:56Z
onnx,onnx/onnx,https://github.com/onnx/onnx,18029,3680,2024-12-01T15:49:11Z
haystack,deepset-ai/haystack,https://github.com/deepset-ai/haystack,17959,1934,2024-12-03T11:03:42Z
inter,rsms/inter,https://github.com/rsms/inter,17920,401,2024-11-19T03:16:13Z
luigi,spotify/luigi,https://github.com/spotify/luigi,17913,2400,2024-11-30T01:22:04Z
faker,joke2k/faker,https://github.com/joke2k/faker,17821,1934,2024-11-27T23:11:52Z
spotify-downloader,spotDL/spotify-downloader,https://github.com/spotDL/spotify-downloader,17810,1619,2024-11-23T08:24:22Z
kivy,kivy/kivy,https://github.com/kivy/kivy,17789,3073,2024-12-01T09:55:51Z
zipline,quantopian/zipline,https://github.com/quantopian/zipline,17762,4738,2024-02-13T08:02:51Z
game-programmer,miloyip/game-programmer,https://github.com/miloyip/game-programmer,17724,2050,2024-03-28T01:05:23Z
kotaemon,Cinnamon/kotaemon,https://github.com/Cinnamon/kotaemon,17722,1375,2024-12-03T02:55:07Z
prefect,PrefectHQ/prefect,https://github.com/PrefectHQ/prefect,17654,1653,2024-12-03T08:07:40Z
WSL,microsoft/WSL,https://github.com/microsoft/WSL,17556,823,2024-11-27T20:09:20Z
rembg,danielgatis/rembg,https://github.com/danielgatis/rembg,17193,1886,2024-11-30T16:24:42Z
sd-webui-controlnet,Mikubill/sd-webui-controlnet,https://github.com/Mikubill/sd-webui-controlnet,17129,1969,2024-08-12T13:06:00Z
mihomo,MetaCubeX/mihomo,https://github.com/MetaCubeX/mihomo,17035,2687,2024-12-02T14:53:42Z
taipy,Avaiga/taipy,https://github.com/Avaiga/taipy,17004,1857,2024-12-03T10:48:15Z
ml-stable-diffusion,apple/ml-stable-diffusion,https://github.com/apple/ml-stable-diffusion,16961,950,2024-11-16T00:05:22Z
awesome-oss-alternatives,RunaCapital/awesome-oss-alternatives,https://github.com/RunaCapital/awesome-oss-alternatives,16905,916,2024-09-06T13:09:09Z
InstaPy,InstaPy/InstaPy,https://github.com/InstaPy/InstaPy,16903,3781,2024-05-11T00:59:50Z
exo,exo-explore/exo,https://github.com/exo-explore/exo,16777,898,2024-12-03T07:57:31Z
voice-changer,w-okada/voice-changer,https://github.com/w-okada/voice-changer,16642,1813,2024-11-14T19:12:04Z
peft,huggingface/peft,https://github.com/huggingface/peft,16600,1643,2024-12-02T19:43:58Z
khoj,khoj-ai/khoj,https://github.com/khoj-ai/khoj,16589,806,2024-12-02T23:54:10Z
PyTorch-GAN,eriklindernoren/PyTorch-GAN,https://github.com/eriklindernoren/PyTorch-GAN,16529,4091,2024-06-18T07:08:31Z
swarm,openai/swarm,https://github.com/openai/swarm,16520,1671,2024-10-15T04:20:18Z
pyspider,binux/pyspider,https://github.com/binux/pyspider,16509,3687,2024-04-30T19:43:29Z
learn-python,trekhleb/learn-python,https://github.com/trekhleb/learn-python,16449,2686,2024-08-06T12:42:59Z
DeepFaceLab,iperov/DeepFaceLab,https://github.com/iperov/DeepFaceLab,16445,48,2024-11-13T19:29:05Z
PySnooper,cool-RR/PySnooper,https://github.com/cool-RR/PySnooper,16411,956,2024-09-09T07:41:37Z
netbox,netbox-community/netbox,https://github.com/netbox-community/netbox,16388,2601,2024-12-02T20:59:20Z
plotly.py,plotly/plotly.py,https://github.com/plotly/plotly.py,16385,2559,2024-12-02T21:18:46Z
airbyte,airbytehq/airbyte,https://github.com/airbytehq/airbyte,16350,4157,2024-12-03T06:40:27Z
vision,pytorch/vision,https://github.com/pytorch/vision,16335,6971,2024-12-03T11:34:54Z
ipython,ipython/ipython,https://github.com/ipython/ipython,16317,4446,2024-12-02T19:31:55Z
avatarify-python,alievk/avatarify-python,https://github.com/alievk/avatarify-python,16305,4107,2024-08-30T23:48:03Z
autojump,wting/autojump,https://github.com/wting/autojump,16305,706,2023-10-14T15:27:26Z
neural-networks-and-deep-learning,mnielsen/neural-networks-and-deep-learning,https://github.com/mnielsen/neural-networks-and-deep-learning,16144,6610,2024-06-02T11:18:37Z
codellama,meta-llama/codellama,https://github.com/meta-llama/codellama,16070,1875,2024-08-12T12:49:54Z
Scrapegraph-ai,ScrapeGraphAI/Scrapegraph-ai,https://github.com/ScrapeGraphAI/Scrapegraph-ai,16032,1307,2024-12-03T08:02:11Z
CodeFormer,sczhou/CodeFormer,https://github.com/sczhou/CodeFormer,15965,3366,2024-10-09T20:31:41Z
awesome-python-login-model,Kr1s77/awesome-python-login-model,https://github.com/Kr1s77/awesome-python-login-model,15947,3285,2022-07-26T16:22:57Z
typer,fastapi/typer,https://github.com/fastapi/typer,15926,675,2024-12-03T11:59:57Z
twint,twintproject/twint,https://github.com/twintproject/twint,15858,2727,2023-02-23T13:58:09Z
baselines,openai/baselines,https://github.com/openai/baselines,15853,4880,2024-08-01T21:31:33Z
GHunt,mxrch/GHunt,https://github.com/mxrch/GHunt,15847,1319,2024-10-23T15:34:04Z
click,pallets/click,https://github.com/pallets/click,15823,1404,2024-11-30T19:23:12Z
ChatGLM2-6B,THUDM/ChatGLM2-6B,https://github.com/THUDM/ChatGLM2-6B,15735,1852,2024-06-27T04:05:08Z
phidata,phidatahq/phidata,https://github.com/phidatahq/phidata,15715,2162,2024-12-03T11:09:15Z
gensim,piskvorky/gensim,https://github.com/piskvorky/gensim,15710,4382,2024-09-01T12:33:11Z
ranger,ranger/ranger,https://github.com/ranger/ranger,15694,892,2024-11-04T21:09:57Z
Shadowrocket-ADBlock-Rules,h2y/Shadowrocket-ADBlock-Rules,https://github.com/h2y/Shadowrocket-ADBlock-Rules,15679,2318,2021-04-12T16:11:40Z
qlib,microsoft/qlib,https://github.com/microsoft/qlib,15656,2658,2024-11-13T03:41:07Z
numpy-ml,ddbourgin/numpy-ml,https://github.com/ddbourgin/numpy-ml,15624,3745,2023-10-29T00:53:03Z
tensor2tensor,tensorflow/tensor2tensor,https://github.com/tensorflow/tensor2tensor,15614,3512,2023-06-02T18:55:09Z
aws-cli,aws/aws-cli,https://github.com/aws/aws-cli,15609,4141,2024-12-03T06:39:57Z
SuperAGI,TransformerOptimus/SuperAGI,https://github.com/TransformerOptimus/SuperAGI,15543,1870,2024-08-14T09:30:18Z
sentence-transformers,UKPLab/sentence-transformers,https://github.com/UKPLab/sentence-transformers,15465,2499,2024-12-02T13:43:14Z
SMSBoom,OpenEthan/SMSBoom,https://github.com/OpenEthan/SMSBoom,15364,3675,2024-03-20T03:30:32Z
ChuanhuChatGPT,GaiZhenbiao/ChuanhuChatGPT,https://github.com/GaiZhenbiao/ChuanhuChatGPT,15292,2290,2024-11-16T06:20:29Z
aiohttp,aio-libs/aiohttp,https://github.com/aio-libs/aiohttp,15184,2026,2024-12-02T14:48:33Z
Bringing-Old-Photos-Back-to-Life,microsoft/Bringing-Old-Photos-Back-to-Life,https://github.com/microsoft/Bringing-Old-Photos-Back-to-Life,15160,2008,2023-10-26T08:06:57Z
gpt-researcher,assafelovic/gpt-researcher,https://github.com/assafelovic/gpt-researcher,15126,2033,2024-12-02T20:19:54Z
evals,openai/evals,https://github.com/openai/evals,15117,2617,2024-09-30T21:30:28Z
DocsGPT,arc53/DocsGPT,https://github.com/arc53/DocsGPT,15084,1611,2024-12-03T10:36:52Z
python-mini-projects,Python-World/python-mini-projects,https://github.com/Python-World/python-mini-projects,15053,4914,2022-07-17T08:51:24Z
networkx,networkx/networkx,https://github.com/networkx/networkx,15025,3263,2024-12-01T23:13:31Z
yfinance,ranaroussi/yfinance,https://github.com/ranaroussi/yfinance,14993,2454,2024-11-23T19:57:22Z
backtrader,mementum/backtrader,https://github.com/mementum/backtrader,14992,3973,2024-08-19T17:47:36Z
pyecharts,pyecharts/pyecharts,https://github.com/pyecharts/pyecharts,14953,2852,2024-11-06T07:08:07Z
jupyter,jupyter/jupyter,https://github.com/jupyter/jupyter,14952,4132,2024-10-27T05:25:35Z
discord.py,Rapptz/discord.py,https://github.com/Rapptz/discord.py,14941,3770,2024-12-02T18:05:21Z
fabric,fabric/fabric,https://github.com/fabric/fabric,14936,1935,2024-04-03T00:10:27Z
gaussian-splatting,graphdeco-inria/gaussian-splatting,https://github.com/graphdeco-inria/gaussian-splatting,14928,1957,2024-10-30T13:58:31Z
deepface,serengil/deepface,https://github.com/serengil/deepface,14905,2255,2024-12-02T12:39:06Z
fish-speech,fishaudio/fish-speech,https://github.com/fishaudio/fish-speech,14819,1141,2024-12-03T09:30:35Z
dalle-mini,borisdayma/dalle-mini,https://github.com/borisdayma/dalle-mini,14753,1216,2023-11-09T09:20:46Z
sqlmodel,fastapi/sqlmodel,https://github.com/fastapi/sqlmodel,14712,671,2024-12-02T18:02:08Z
mackup,lra/mackup,https://github.com/lra/mackup,14636,932,2024-08-27T07:15:34Z
fauxpilot,fauxpilot/fauxpilot,https://github.com/fauxpilot/fauxpilot,14617,626,2024-04-09T08:42:23Z
DeDRM_tools,apprenticeharper/DeDRM_tools,https://github.com/apprenticeharper/DeDRM_tools,14564,1517,2024-08-20T20:39:46Z
litellm,BerriAI/litellm,https://github.com/BerriAI/litellm,14540,1706,2024-12-03T07:55:57Z
Qwen,QwenLM/Qwen,https://github.com/QwenLM/Qwen,14513,1178,2024-11-09T09:41:33Z
flash-attention,Dao-AILab/flash-attention,https://github.com/Dao-AILab/flash-attention,14468,1357,2024-12-03T06:55:31Z
imgaug,aleju/imgaug,https://github.com/aleju/imgaug,14438,2445,2024-07-30T01:38:33Z
surya,VikParuchuri/surya,https://github.com/VikParuchuri/surya,14431,909,2024-11-27T17:36:51Z
py12306,pjialin/py12306,https://github.com/pjialin/py12306,14430,3569,2024-05-10T10:02:48Z
powerline,powerline/powerline,https://github.com/powerline/powerline,14408,1000,2024-09-30T00:48:39Z
the-gan-zoo,hindupuravinash/the-gan-zoo,https://github.com/hindupuravinash/the-gan-zoo,14352,2552,2023-10-06T18:30:38Z
albumentations,albumentations-team/albumentations,https://github.com/albumentations-team/albumentations,14342,1647,2024-12-03T03:45:52Z
searxng,searxng/searxng,https://github.com/searxng/searxng,14334,1487,2024-12-01T14:05:56Z
OCRmyPDF,ocrmypdf/OCRmyPDF,https://github.com/ocrmypdf/OCRmyPDF,14282,1019,2024-12-02T19:45:19Z
horovod,horovod/horovod,https://github.com/horovod/horovod,14282,2243,2024-08-31T11:57:00Z
YYeTsBot,tgbot-collection/YYeTsBot,https://github.com/tgbot-collection/YYeTsBot,14253,1739,2024-07-21T14:18:57Z
salt,saltstack/salt,https://github.com/saltstack/salt,14224,5486,2024-11-11T22:31:38Z
newspaper,codelucas/newspaper,https://github.com/codelucas/newspaper,14195,2116,2024-07-23T12:09:53Z
stylegan,NVlabs/stylegan,https://github.com/NVlabs/stylegan,14162,3182,2024-04-10T08:30:29Z
ChatterBot,gunthercox/ChatterBot,https://github.com/gunthercox/ChatterBot,14116,4448,2024-04-24T19:01:00Z
awx,ansible/awx,https://github.com/ansible/awx,14116,3436,2024-12-03T12:01:29Z
Llama-Chinese,LlamaFamily/Llama-Chinese,https://github.com/LlamaFamily/Llama-Chinese,14097,1260,2024-09-05T13:50:43Z
nni,microsoft/nni,https://github.com/microsoft/nni,14067,1820,2024-07-03T10:55:10Z
mailinabox,mail-in-a-box/mailinabox,https://github.com/mail-in-a-box/mailinabox,14062,1442,2024-11-27T13:22:45Z
wxpy,youfou/wxpy,https://github.com/youfou/wxpy,14036,2385,2019-07-14T17:59:47Z
ivy,ivy-llc/ivy,https://github.com/ivy-llc/ivy,14016,5736,2024-11-25T15:11:02Z
Swin-Transformer,microsoft/Swin-Transformer,https://github.com/microsoft/Swin-Transformer,14002,2061,2024-07-24T17:09:57Z
dvc,iterative/dvc,https://github.com/iterative/dvc,13975,1191,2024-12-02T20:18:07Z
flair,flairNLP/flair,https://github.com/flairNLP/flair,13973,2105,2024-12-02T23:30:18Z
examples-of-web-crawlers,shengqiangzhang/examples-of-web-crawlers,https://github.com/shengqiangzhang/examples-of-web-crawlers,13937,3823,2023-12-25T14:25:23Z
DB-GPT,eosphoros-ai/DB-GPT,https://github.com/eosphoros-ai/DB-GPT,13868,1869,2024-12-02T12:56:23Z
facenet,davidsandberg/facenet,https://github.com/davidsandberg/facenet,13844,4812,2023-07-24T12:43:21Z
wechat_jump_game,wangshub/wechat_jump_game,https://github.com/wangshub/wechat_jump_game,13835,4306,2022-11-22T02:04:23Z
Cookbook,andkret/Cookbook,https://github.com/andkret/Cookbook,13814,2511,2024-11-28T10:45:26Z
SWE-agent,princeton-nlp/SWE-agent,https://github.com/princeton-nlp/SWE-agent,13799,1399,2024-12-02T22:23:32Z
yapf,google/yapf,https://github.com/google/yapf,13797,892,2024-11-15T16:01:33Z
authentik,goauthentik/authentik,https://github.com/goauthentik/authentik,13795,928,2024-12-03T11:23:31Z
requests-html,psf/requests-html,https://github.com/psf/requests-html,13746,975,2024-04-16T18:50:38Z
detr,facebookresearch/detr,https://github.com/facebookresearch/detr,13690,2469,2024-03-12T15:58:25Z
nltk,nltk/nltk,https://github.com/nltk/nltk,13668,2896,2024-11-11T06:24:40Z
labelme,wkentaro/labelme,https://github.com/wkentaro/labelme,13649,3417,2024-11-19T15:01:51Z
reinforcement-learning-an-introduction,ShangtongZhang/reinforcement-learning-an-introduction,https://github.com/ShangtongZhang/reinforcement-learning-an-introduction,13641,4826,2024-08-09T01:09:15Z
pandas-ai,Sinaptik-AI/pandas-ai,https://github.com/Sinaptik-AI/pandas-ai,13616,1325,2024-12-03T12:06:27Z
impacket,fortra/impacket,https://github.com/fortra/impacket,13605,3596,2024-11-28T17:49:05Z
speedtest-cli,sivel/speedtest-cli,https://github.com/sivel/speedtest-cli,13595,1913,2024-07-20T16:58:27Z
dgl,dmlc/dgl,https://github.com/dmlc/dgl,13577,3023,2024-10-18T03:43:55Z
zhao,programthink/zhao,https://github.com/programthink/zhao,13567,2750,2021-08-01T15:22:51Z
storm,stanford-oval/storm,https://github.com/stanford-oval/storm,13558,1245,2024-10-30T17:23:05Z
ChatGLM3,THUDM/ChatGLM3,https://github.com/THUDM/ChatGLM3,13531,1576,2024-07-10T06:19:57Z
pyright,microsoft/pyright,https://github.com/microsoft/pyright,13518,1492,2024-12-02T19:02:24Z
AutoEq,jaakkopasanen/AutoEq,https://github.com/jaakkopasanen/AutoEq,13517,2475,2024-07-27T21:23:10Z
transferlearning,jindongwang/transferlearning,https://github.com/jindongwang/transferlearning,13511,3814,2024-11-29T09:04:03Z
PySimpleGUI,PySimpleGUI/PySimpleGUI,https://github.com/PySimpleGUI/PySimpleGUI,13462,1831,2024-11-11T16:55:36Z
pygwalker,Kanaries/pygwalker,https://github.com/Kanaries/pygwalker,13458,707,2024-12-02T12:33:40Z
searx,searx/searx,https://github.com/searx/searx,13423,1711,2023-09-07T16:16:22Z
chatgpt-mirai-qq-bot,lss233/chatgpt-mirai-qq-bot,https://github.com/lss233/chatgpt-mirai-qq-bot,13419,1570,2024-03-23T17:37:54Z
XSStrike,s0md3v/XSStrike,https://github.com/s0md3v/XSStrike,13413,1912,2024-08-02T08:35:06Z
memray,bloomberg/memray,https://github.com/bloomberg/memray,13404,397,2024-12-01T09:05:46Z
mamba,state-spaces/mamba,https://github.com/state-spaces/mamba,13375,1137,2024-11-05T00:32:45Z
httpx,encode/httpx,https://github.com/encode/httpx,13367,854,2024-12-03T07:41:13Z
wifiphisher,wifiphisher/wifiphisher,https://github.com/wifiphisher/wifiphisher,13350,2596,2023-12-17T02:00:16Z
composio,ComposioHQ/composio,https://github.com/ComposioHQ/composio,13297,4274,2024-12-03T11:55:13Z
explainshell,idank/explainshell,https://github.com/idank/explainshell,13285,794,2024-04-08T16:05:20Z
spiderfoot,smicallef/spiderfoot,https://github.com/smicallef/spiderfoot,13278,2290,2024-11-15T20:59:18Z
OpenCore-Legacy-Patcher,dortania/OpenCore-Legacy-Patcher,https://github.com/dortania/OpenCore-Legacy-Patcher,13229,1263,2024-11-29T17:10:06Z
LivePortrait,KwaiVGI/LivePortrait,https://github.com/KwaiVGI/LivePortrait,13177,1401,2024-11-12T05:33:22Z
edgedb,edgedb/edgedb,https://github.com/edgedb/edgedb,13159,403,2024-12-03T01:04:15Z
scipy,scipy/scipy,https://github.com/scipy/scipy,13157,5205,2024-12-02T18:14:29Z
letta,letta-ai/letta,https://github.com/letta-ai/letta,13117,1437,2024-12-03T05:32:22Z
MHDDoS,MatrixTM/MHDDoS,https://github.com/MatrixTM/MHDDoS,13084,2727,2024-09-11T20:20:35Z
sympy,sympy/sympy,https://github.com/sympy/sympy,13059,4469,2024-12-01T11:21:14Z
pre-commit,pre-commit/pre-commit,https://github.com/pre-commit/pre-commit,13035,816,2024-11-25T23:54:37Z
HivisionIDPhotos,Zeyi-Lin/HivisionIDPhotos,https://github.com/Zeyi-Lin/HivisionIDPhotos,13029,1343,2024-11-20T04:54:40Z
beets,beetbox/beets,https://github.com/beetbox/beets,12961,1824,2024-12-03T09:38:51Z
EIPs,ethereum/EIPs,https://github.com/ethereum/EIPs,12948,5307,2024-12-02T18:12:58Z
alphafold,google-deepmind/alphafold,https://github.com/google-deepmind/alphafold,12932,2286,2024-11-19T11:59:16Z
LaTeX-OCR,lukas-blecher/LaTeX-OCR,https://github.com/lukas-blecher/LaTeX-OCR,12931,1044,2024-07-05T09:03:34Z
tushare,waditu/tushare,https://github.com/waditu/tushare,12919,4289,2024-03-13T14:31:20Z
PaddleDetection,PaddlePaddle/PaddleDetection,https://github.com/PaddlePaddle/PaddleDetection,12880,2898,2024-12-03T04:02:11Z
httpbin,postmanlabs/httpbin,https://github.com/postmanlabs/httpbin,12845,1816,2024-05-24T07:51:48Z
openage,SFTtech/openage,https://github.com/SFTtech/openage,12795,1127,2024-12-03T03:45:42Z
MiniCPM-V,OpenBMB/MiniCPM-V,https://github.com/OpenBMB/MiniCPM-V,12768,894,2024-10-22T08:08:52Z
faster-whisper,SYSTRAN/faster-whisper,https://github.com/SYSTRAN/faster-whisper,12768,1072,2024-12-01T17:41:53Z
PaddleHub,PaddlePaddle/PaddleHub,https://github.com/PaddlePaddle/PaddleHub,12752,2074,2024-08-07T03:17:23Z
cvat,cvat-ai/cvat,https://github.com/cvat-ai/cvat,12746,3029,2024-12-03T09:07:38Z
RWKV-LM,BlinkDL/RWKV-LM,https://github.com/BlinkDL/RWKV-LM,12730,867,2024-11-30T02:33:54Z
redis-py,redis/redis-py,https://github.com/redis/redis-py,12708,2531,2024-12-03T08:52:59Z
buzz,chidiwilliams/buzz,https://github.com/chidiwilliams/buzz,12701,951,2024-12-01T10:39:42Z
activitywatch,ActivityWatch/activitywatch,https://github.com/ActivityWatch/activitywatch,12698,565,2024-10-17T17:29:28Z
whisperX,m-bain/whisperX,https://github.com/m-bain/whisperX,12698,1347,2024-08-21T01:31:49Z
moviepy,Zulko/moviepy,https://github.com/Zulko/moviepy,12661,1592,2024-11-30T02:30:53Z
dask,dask/dask,https://github.com/dask/dask,12649,1718,2024-12-03T10:17:46Z
seaborn,mwaskom/seaborn,https://github.com/mwaskom/seaborn,12637,1935,2024-08-14T20:01:50Z
pelican,getpelican/pelican,https://github.com/getpelican/pelican,12618,1811,2024-11-27T19:53:27Z
ydata-profiling,ydataai/ydata-profiling,https://github.com/ydataai/ydata-profiling,12572,1689,2024-12-03T00:26:10Z
tiktoken,openai/tiktoken,https://github.com/openai/tiktoken,12559,858,2024-10-03T22:44:27Z
awesome-aws,donnemartin/awesome-aws,https://github.com/donnemartin/awesome-aws,12529,1698,2024-03-12T09:29:54Z
fail2ban,fail2ban/fail2ban,https://github.com/fail2ban/fail2ban,12479,1258,2024-11-07T18:35:59Z
clip-as-service,jina-ai/clip-as-service,https://github.com/jina-ai/clip-as-service,12479,2072,2024-01-23T10:33:43Z
Pillow,python-pillow/Pillow,https://github.com/python-pillow/Pillow,12358,2239,2024-12-03T11:11:43Z
pytube,pytube/pytube,https://github.com/pytube/pytube,12350,2517,2024-08-15T06:51:20Z
pyodide,pyodide/pyodide,https://github.com/pyodide/pyodide,12343,850,2024-12-03T08:15:26Z
NeMo,NVIDIA/NeMo,https://github.com/NVIDIA/NeMo,12320,2552,2024-12-03T11:15:38Z
dirsearch,maurosoria/dirsearch,https://github.com/maurosoria/dirsearch,12270,2317,2024-11-19T10:43:40Z
abu,bbfamily/abu,https://github.com/bbfamily/abu,12251,3787,2024-11-21T13:49:32Z
routersploit,threat9/routersploit,https://github.com/threat9/routersploit,12239,2316,2024-10-24T16:48:50Z
scalene,plasma-umass/scalene,https://github.com/plasma-umass/scalene,12238,399,2024-12-02T17:57:39Z
numpy-100,rougier/numpy-100,https://github.com/rougier/numpy-100,12231,5778,2024-06-26T22:11:47Z
pytest,pytest-dev/pytest,https://github.com/pytest-dev/pytest,12195,2698,2024-12-03T06:45:33Z
PaddleNLP,PaddlePaddle/PaddleNLP,https://github.com/PaddlePaddle/PaddleNLP,12189,2948,2024-12-03T11:29:45Z
cookiecutter-django,cookiecutter/cookiecutter-django,https://github.com/cookiecutter/cookiecutter-django,12185,2913,2024-12-03T07:16:12Z
pwntools,Gallopsled/pwntools,https://github.com/Gallopsled/pwntools,12170,1720,2024-11-01T13:36:30Z
docling,DS4SD/docling,https://github.com/DS4SD/docling,12169,611,2024-12-03T11:47:25Z
pgcli,dbcli/pgcli,https://github.com/dbcli/pgcli,12164,556,2024-10-05T06:14:42Z
vanna,vanna-ai/vanna,https://github.com/vanna-ai/vanna,12138,975,2024-11-21T15:10:42Z
Nuitka,Nuitka/Nuitka,https://github.com/Nuitka/Nuitka,12133,651,2024-12-03T10:33:47Z
apprise,caronc/apprise,https://github.com/caronc/apprise,12102,421,2024-12-02T22:43:45Z
gallery-dl,mikf/gallery-dl,https://github.com/mikf/gallery-dl,12064,982,2024-12-03T11:09:53Z
SadTalker,OpenTalker/SadTalker,https://github.com/OpenTalker/SadTalker,12043,2243,2024-06-26T12:51:53Z
fashion-mnist,zalandoresearch/fashion-mnist,https://github.com/zalandoresearch/fashion-mnist,12001,3029,2022-06-13T20:36:21Z
playwright-python,microsoft/playwright-python,https://github.com/microsoft/playwright-python,11984,925,2024-12-02T18:32:45Z
dagster,dagster-io/dagster,https://github.com/dagster-io/dagster,11981,1497,2024-12-03T06:23:01Z
pix2code,tonybeltramelli/pix2code,https://github.com/tonybeltramelli/pix2code,11976,1444,2024-05-29T04:48:27Z
QAnything,netease-youdao/QAnything,https://github.com/netease-youdao/QAnything,11974,1165,2024-11-19T03:46:01Z
MOSS,OpenMOSS/MOSS,https://github.com/OpenMOSS/MOSS,11971,1146,2024-07-13T14:52:59Z
pyinstaller,pyinstaller/pyinstaller,https://github.com/pyinstaller/pyinstaller,11955,1946,2024-12-01T14:49:22Z
tutorials,MorvanZhou/tutorials,https://github.com/MorvanZhou/tutorials,11913,5708,2020-12-22T22:02:58Z
ml-engineering,stas00/ml-engineering,https://github.com/stas00/ml-engineering,11900,721,2024-11-27T17:54:10Z
Zappa,Miserlou/Zappa,https://github.com/Miserlou/Zappa,11884,1200,2023-03-23T13:59:31Z
neural-enhance,alexjc/neural-enhance,https://github.com/alexjc/neural-enhance,11874,1388,2020-12-29T08:43:04Z
schedule,dbader/schedule,https://github.com/dbader/schedule,11864,967,2024-05-25T18:41:01Z
walle-web,meolu/walle-web,https://github.com/meolu/walle-web,11863,2761,2022-01-06T22:27:38Z
Chinese-Word-Vectors,Embedding/Chinese-Word-Vectors,https://github.com/Embedding/Chinese-Word-Vectors,11856,2318,2023-10-30T14:44:50Z
tvm,apache/tvm,https://github.com/apache/tvm,11836,3478,2024-12-03T05:03:11Z
developer,smol-ai/developer,https://github.com/smol-ai/developer,11834,1032,2024-04-07T07:11:03Z
synapse,matrix-org/synapse,https://github.com/matrix-org/synapse,11828,2122,2024-04-26T15:47:23Z
sshuttle,sshuttle/sshuttle,https://github.com/sshuttle/sshuttle,11827,732,2024-12-03T10:44:42Z
owasp-mastg,OWASP/owasp-mastg,https://github.com/OWASP/owasp-mastg,11798,2342,2024-12-02T14:31:53Z
allennlp,allenai/allennlp,https://github.com/allenai/allennlp,11767,2254,2022-11-22T23:28:35Z
MaxKB,1Panel-dev/MaxKB,https://github.com/1Panel-dev/MaxKB,11764,1543,2024-12-03T10:52:29Z
shap-e,openai/shap-e,https://github.com/openai/shap-e,11690,951,2024-06-22T19:19:14Z
CustomTkinter,TomSchimansky/CustomTkinter,https://github.com/TomSchimansky/CustomTkinter,11645,1087,2024-09-15T16:45:56Z
Open-Sora-Plan,PKU-YuanGroup/Open-Sora-Plan,https://github.com/PKU-YuanGroup/Open-Sora-Plan,11627,1030,2024-12-03T03:10:54Z
flet,flet-dev/flet,https://github.com/flet-dev/flet,11615,455,2024-12-02T06:53:49Z
theHarvester,laramies/theHarvester,https://github.com/laramies/theHarvester,11552,2033,2024-12-02T22:50:03Z
External-Attention-pytorch,xmu-xiaoma666/External-Attention-pytorch,https://github.com/xmu-xiaoma666/External-Attention-pytorch,11543,1942,2024-08-29T06:48:00Z
gorilla,ShishirPatil/gorilla,https://github.com/ShishirPatil/gorilla,11530,1011,2024-12-03T09:00:50Z
mycli,dbcli/mycli,https://github.com/dbcli/mycli,11501,664,2024-11-25T18:50:36Z
h2ogpt,h2oai/h2ogpt,https://github.com/h2oai/h2ogpt,11472,1256,2024-11-24T11:15:47Z
theZoo,ytisf/theZoo,https://github.com/ytisf/theZoo,11374,2518,2024-05-22T10:38:47Z
deep_learning_object_detection,hoya012/deep_learning_object_detection,https://github.com/hoya012/deep_learning_object_detection,11326,2782,2024-02-12T09:30:31Z
Meshroom,alicevision/Meshroom,https://github.com/alicevision/Meshroom,11302,1091,2024-12-03T11:48:07Z
borg,borgbackup/borg,https://github.com/borgbackup/borg,11269,747,2024-11-25T00:17:08Z
peewee,coleifer/peewee,https://github.com/coleifer/peewee,11238,1369,2024-11-12T16:58:53Z
PaddleSpeech,PaddlePaddle/PaddleSpeech,https://github.com/PaddlePaddle/PaddleSpeech,11221,1860,2024-12-02T03:33:16Z
ludwig,ludwig-ai/ludwig,https://github.com/ludwig-ai/ludwig,11218,1193,2024-12-02T23:28:04Z
InstantID,instantX-research/InstantID,https://github.com/instantX-research/InstantID,11172,815,2024-07-18T04:12:48Z
DALLE2-pytorch,lucidrains/DALLE2-pytorch,https://github.com/lucidrains/DALLE2-pytorch,11171,1087,2024-05-11T19:18:10Z
gdb-dashboard,cyrus-and/gdb-dashboard,https://github.com/cyrus-and/gdb-dashboard,11158,782,2024-08-13T21:27:30Z
FastPhotoStyle,NVIDIA/FastPhotoStyle,https://github.com/NVIDIA/FastPhotoStyle,11157,1202,2023-06-07T07:40:31Z
Statistical-Learning-Method_Code,Dod-o/Statistical-Learning-Method_Code,https://github.com/Dod-o/Statistical-Learning-Method_Code,11111,2884,2024-11-13T06:36:04Z
Photon,s0md3v/Photon,https://github.com/s0md3v/Photon,11100,1526,2024-08-16T05:39:15Z
social-engineer-toolkit,trustedsec/social-engineer-toolkit,https://github.com/trustedsec/social-engineer-toolkit,11076,2794,2024-10-21T15:46:18Z
urh,jopohl/urh,https://github.com/jopohl/urh,11026,879,2024-11-12T07:11:18Z
optuna,optuna/optuna,https://github.com/optuna/optuna,11008,1042,2024-12-03T04:58:46Z
stylegan2,NVlabs/stylegan2,https://github.com/NVlabs/stylegan2,11006,2532,2024-05-18T15:55:42Z
opensnitch,evilsocket/opensnitch,https://github.com/evilsocket/opensnitch,10985,513,2024-11-26T20:40:26Z
chinese-xinhua,pwxcoo/chinese-xinhua,https://github.com/pwxcoo/chinese-xinhua,10968,2581,2023-12-26T08:52:43Z
pyvideotrans,jianchang512/pyvideotrans,https://github.com/jianchang512/pyvideotrans,10936,1227,2024-12-02T11:20:20Z
fast-style-transfer,lengstrom/fast-style-transfer,https://github.com/lengstrom/fast-style-transfer,10925,2603,2023-07-16T02:36:30Z
Wav2Lip,Rudrabha/Wav2Lip,https://github.com/Rudrabha/Wav2Lip,10903,2312,2024-11-26T18:52:33Z
prowler,prowler-cloud/prowler,https://github.com/prowler-cloud/prowler,10899,1551,2024-12-03T12:04:33Z
LoRA,microsoft/LoRA,https://github.com/microsoft/LoRA,10873,691,2024-08-14T07:22:11Z
litgpt,Lightning-AI/litgpt,https://github.com/Lightning-AI/litgpt,10842,1079,2024-12-02T13:30:18Z
skyvern,Skyvern-AI/skyvern,https://github.com/Skyvern-AI/skyvern,10839,747,2024-12-03T09:05:27Z
danswer,danswer-ai/danswer,https://github.com/danswer-ai/danswer,10833,1366,2024-12-03T10:07:28Z
scapy,secdev/scapy,https://github.com/secdev/scapy,10830,2036,2024-11-25T14:49:42Z
awesome-chatgpt-zh,EmbraceAGI/awesome-chatgpt-zh,https://github.com/EmbraceAGI/awesome-chatgpt-zh,10828,896,2024-11-05T10:24:21Z
chia-blockchain,Chia-Network/chia-blockchain,https://github.com/Chia-Network/chia-blockchain,10826,2027,2024-12-03T11:18:04Z
dolly,databrickslabs/dolly,https://github.com/databrickslabs/dolly,10820,1161,2023-06-30T18:36:16Z
faceai,vipstone/faceai,https://github.com/vipstone/faceai,10808,2514,2020-04-16T12:16:19Z
DALL-E,openai/DALL-E,https://github.com/openai/DALL-E,10805,1939,2024-01-31T15:42:28Z
MLAlgorithms,rushter/MLAlgorithms,https://github.com/rushter/MLAlgorithms,10746,1781,2023-03-30T13:46:08Z
english-words,dwyl/english-words,https://github.com/dwyl/english-words,10742,1848,2024-06-16T11:20:30Z
python-mastery,dabeaz-course/python-mastery,https://github.com/dabeaz-course/python-mastery,10735,1781,2024-08-10T17:51:39Z
scientific-visualization-book,rougier/scientific-visualization-book,https://github.com/rougier/scientific-visualization-book,10721,994,2024-01-22T13:21:20Z
Megatron-LM,NVIDIA/Megatron-LM,https://github.com/NVIDIA/Megatron-LM,10704,2396,2024-12-03T09:22:21Z
pytorch-grad-cam,jacobgil/pytorch-grad-cam,https://github.com/jacobgil/pytorch-grad-cam,10687,1564,2024-10-19T09:57:27Z
pipx,pypa/pipx,https://github.com/pypa/pipx,10680,419,2024-12-02T20:27:02Z
chalice,aws/chalice,https://github.com/aws/chalice,10677,1006,2024-11-29T18:24:29Z
fsociety,Manisso/fsociety,https://github.com/Manisso/fsociety,10667,1996,2024-08-08T19:55:47Z
AnimateDiff,guoyww/AnimateDiff,https://github.com/guoyww/AnimateDiff,10661,874,2024-07-31T01:14:15Z
AnimatedDrawings,facebookresearch/AnimatedDrawings,https://github.com/facebookresearch/AnimatedDrawings,10630,938,2024-08-09T16:40:00Z
howdoi,gleitz/howdoi,https://github.com/gleitz/howdoi,10618,869,2024-10-22T14:24:10Z
tweepy,tweepy/tweepy,https://github.com/tweepy/tweepy,10566,4605,2024-08-01T17:55:26Z
github-trends,avgupta456/github-trends,https://github.com/avgupta456/github-trends,10566,83,2024-11-30T00:04:29Z
LLMSurvey,RUCAIBox/LLMSurvey,https://github.com/RUCAIBox/LLMSurvey,10546,824,2024-08-20T04:48:58Z
pyautogui,asweigart/pyautogui,https://github.com/asweigart/pyautogui,10522,1271,2024-08-20T18:34:57Z
magic-animate,magic-research/magic-animate,https://github.com/magic-research/magic-animate,10507,1078,2024-06-21T20:23:43Z
ParlAI,facebookresearch/ParlAI,https://github.com/facebookresearch/ParlAI,10495,2093,2023-11-03T14:30:00Z
open_clip,mlfoundations/open_clip,https://github.com/mlfoundations/open_clip,10477,992,2024-11-24T01:02:58Z
amazing-qr,x-hw/amazing-qr,https://github.com/x-hw/amazing-qr,10467,1563,2023-12-01T12:30:28Z
mvt,mvt-project/mvt,https://github.com/mvt-project/mvt,10460,992,2024-11-20T12:08:21Z
ddddocr,sml2h3/ddddocr,https://github.com/sml2h3/ddddocr,10454,1807,2024-10-15T09:19:39Z
LightRAG,HKUDS/LightRAG,https://github.com/HKUDS/LightRAG,10412,1313,2024-12-02T08:04:01Z
jinja,pallets/jinja,https://github.com/pallets/jinja,10410,1616,2024-10-24T21:16:09Z
maigret,soxoj/maigret,https://github.com/soxoj/maigret,10374,802,2024-12-03T06:43:23Z
stanford-tensorflow-tutorials,chiphuyen/stanford-tensorflow-tutorials,https://github.com/chiphuyen/stanford-tensorflow-tutorials,10332,4311,2020-12-22T09:21:55Z
MoneyPrinter,FujiwaraChoki/MoneyPrinter,https://github.com/FujiwaraChoki/MoneyPrinter,10324,1377,2024-09-17T15:39:17Z
psutil,giampaolo/psutil,https://github.com/giampaolo/psutil,10324,1385,2024-11-24T18:49:23Z
starlette,encode/starlette,https://github.com/encode/starlette,10321,948,2024-12-03T07:45:17Z
nicegui,zauberzeug/nicegui,https://github.com/zauberzeug/nicegui,10255,612,2024-12-03T06:23:00Z
yolov3,ultralytics/yolov3,https://github.com/ultralytics/yolov3,10249,3449,2024-11-25T10:53:48Z
django-cms,django-cms/django-cms,https://github.com/django-cms/django-cms,10239,3117,2024-12-03T09:28:30Z
trl,huggingface/trl,https://github.com/huggingface/trl,10234,1302,2024-12-03T11:51:25Z
q,harelba/q,https://github.com/harelba/q,10217,423,2024-07-23T01:17:37Z
statsmodels,statsmodels/statsmodels,https://github.com/statsmodels/statsmodels,10210,3027,2024-11-29T16:39:20Z
spinningup,openai/spinningup,https://github.com/openai/spinningup,10209,2237,2024-08-05T03:30:30Z
bpytop,aristocratos/bpytop,https://github.com/aristocratos/bpytop,10207,399,2024-03-04T09:54:17Z
word_cloud,amueller/word_cloud,https://github.com/amueller/word_cloud,10195,2317,2024-11-10T14:21:42Z
eeeeeeeeeeeeeeeeeeeeeeeeeeeeeeeeeeeeeeeeeeeeeeeeeeeeeeeeeeeeeeeeeeeeeeeeeeeeeeeeeeeeeeeeeeeeeeeeeeee,eeeeeeeeeeeeeeeeeeeeeeeeeeeeeeee/eeeeeeeeeeeeeeeeeeeeeeeeeeeeeeeeeeeeeeeeeeeeeeeeeeeeeeeeeeeeeeeeeeeeeeeeeeeeeeeeeeeeeeeeeeeeeeeeeeee,https://github.com/eeeeeeeeeeeeeeeeeeeeeeeeeeeeeeee/eeeeeeeeeeeeeeeeeeeeeeeeeeeeeeeeeeeeeeeeeeeeeeeeeeeeeeeeeeeeeeeeeeeeeeeeeeeeeeeeeeeeeeeeeeeeeeeeeeee,10185,701,2019-07-02T11:23:43Z
OpenLLM,bentoml/OpenLLM,https://github.com/bentoml/OpenLLM,10152,642,2024-12-03T09:21:53Z
the-algorithm-ml,twitter/the-algorithm-ml,https://github.com/twitter/the-algorithm-ml,10140,2211,2024-07-10T12:48:24Z
undetected-chromedriver,ultrafunkamsterdam/undetected-chromedriver,https://github.com/ultrafunkamsterdam/undetected-chromedriver,10135,1168,2024-06-25T09:45:23Z
streamlink,streamlink/streamlink,https://github.com/streamlink/streamlink,10125,1119,2024-12-01T02:54:14Z
ffmpeg-python,kkroening/ffmpeg-python,https://github.com/kkroening/ffmpeg-python,10119,893,2024-08-04T00:07:08Z
thumbor,thumbor/thumbor,https://github.com/thumbor/thumbor,10102,829,2024-11-12T20:40:18Z
Telethon,LonamiWebs/Telethon,https://github.com/LonamiWebs/Telethon,10090,1412,2024-11-20T16:25:56Z
visdom,fossasia/visdom,https://github.com/fossasia/visdom,10053,1133,2024-05-30T16:53:59Z
AudioGPT,AIGC-Audio/AudioGPT,https://github.com/AIGC-Audio/AudioGPT,10050,863,2024-07-06T21:35:18Z
EverydayWechat,sfyc23/EverydayWechat,https://github.com/sfyc23/EverydayWechat,10046,2311,2021-06-22T02:56:06Z
yolov10,THU-MIG/yolov10,https://github.com/THU-MIG/yolov10,10045,1002,2024-09-26T11:12:57Z
kedro,kedro-org/kedro,https://github.com/kedro-org/kedro,10037,908,2024-12-03T11:59:25Z
dbt-core,dbt-labs/dbt-core,https://github.com/dbt-labs/dbt-core,10029,1635,2024-12-03T09:10:05Z
great_expectations,great-expectations/great_expectations,https://github.com/great-expectations/great_expectations,10027,1548,2024-12-03T11:13:53Z
kornia,kornia/kornia,https://github.com/kornia/kornia,10025,975,2024-12-02T21:58:01Z
numba,numba/numba,https://github.com/numba/numba,10019,1131,2024-11-25T05:20:49Z
node-gyp,nodejs/node-gyp,https://github.com/nodejs/node-gyp,9976,1798,2024-12-03T10:04:59Z
robotframework,robotframework/robotframework,https://github.com/robotframework/robotframework,9966,2344,2024-12-02T22:57:52Z
eat_tensorflow2_in_30_days,lyhue1991/eat_tensorflow2_in_30_days,https://github.com/lyhue1991/eat_tensorflow2_in_30_days,9962,2467,2022-09-22T03:18:54Z
practical-python,dabeaz-course/practical-python,https://github.com/dabeaz-course/practical-python,9934,6553,2024-08-10T03:38:37Z
docker-android,budtmo/docker-android,https://github.com/budtmo/docker-android,9929,1302,2024-11-26T00:57:22Z
rq,rq/rq,https://github.com/rq/rq,9916,1417,2024-12-01T08:58:08Z
modin,modin-project/modin,https://github.com/modin-project/modin,9915,653,2024-12-01T18:23:22Z
Sublist3r,aboul3la/Sublist3r,https://github.com/aboul3la/Sublist3r,9910,2108,2024-08-02T00:00:30Z
Theano,Theano/Theano,https://github.com/Theano/Theano,9906,2488,2024-01-15T03:16:24Z
outlines,dottxt-ai/outlines,https://github.com/dottxt-ai/outlines,9892,510,2024-11-29T10:18:31Z
neural-doodle,alexjc/neural-doodle,https://github.com/alexjc/neural-doodle,9889,906,2020-10-01T16:54:52Z
gunicorn,benoitc/gunicorn,https://github.com/benoitc/gunicorn,9883,1755,2024-10-25T09:36:15Z
Osintgram,Datalux/Osintgram,https://github.com/Datalux/Osintgram,9849,2189,2024-07-06T11:46:50Z
LibreTranslate,LibreTranslate/LibreTranslate,https://github.com/LibreTranslate/LibreTranslate,9837,898,2024-12-03T12:00:30Z
shell_gpt,TheR1D/shell_gpt,https://github.com/TheR1D/shell_gpt,9833,770,2024-08-29T21:58:12Z
musicbox,darknessomi/musicbox,https://github.com/darknessomi/musicbox,9829,1581,2022-06-28T07:42:25Z
mlcourse.ai,Yorko/mlcourse.ai,https://github.com/Yorko/mlcourse.ai,9802,5678,2024-11-26T15:46:08Z
cleanlab,cleanlab/cleanlab,https://github.com/cleanlab/cleanlab,9798,752,2024-12-02T22:43:20Z
sonnet,google-deepmind/sonnet,https://github.com/google-deepmind/sonnet,9787,1297,2024-11-14T10:24:59Z
StreamDiffusion,cumulo-autumn/StreamDiffusion,https://github.com/cumulo-autumn/StreamDiffusion,9776,702,2024-12-02T03:54:03Z
qutebrowser,qutebrowser/qutebrowser,https://github.com/qutebrowser/qutebrowser,9764,1012,2024-12-02T04:46:26Z
Python,injetlee/Python,https://github.com/injetlee/Python,9760,4197,2023-10-10T05:43:43Z
segmentation_models.pytorch,qubvel-org/segmentation_models.pytorch,https://github.com/qubvel-org/segmentation_models.pytorch,9759,1684,2024-12-02T08:46:39Z
tpot,EpistasisLab/tpot,https://github.com/EpistasisLab/tpot,9756,1570,2024-07-25T10:51:05Z
kohya_ss,bmaltais/kohya_ss,https://github.com/bmaltais/kohya_ss,9752,1253,2024-12-01T05:39:12Z
sqlalchemy,sqlalchemy/sqlalchemy,https://github.com/sqlalchemy/sqlalchemy,9748,1447,2024-12-01T19:30:26Z
Chinese-BERT-wwm,ymcui/Chinese-BERT-wwm,https://github.com/ymcui/Chinese-BERT-wwm,9724,1385,2023-07-31T07:34:40Z
termtosvg,nbedos/termtosvg,https://github.com/nbedos/termtosvg,9711,436,2020-06-16T11:01:41Z
claude-engineer,Doriandarko/claude-engineer,https://github.com/Doriandarko/claude-engineer,9673,1021,2024-12-02T03:42:55Z
PythonPark,Jack-Cherish/PythonPark,https://github.com/Jack-Cherish/PythonPark,9643,1594,2024-11-26T06:12:16Z
akshare,akfamily/akshare,https://github.com/akfamily/akshare,9638,1926,2024-12-03T10:50:09Z
LaZagne,AlessandroZ/LaZagne,https://github.com/AlessandroZ/LaZagne,9637,2037,2024-10-18T07:49:15Z
whoogle-search,benbusby/whoogle-search,https://github.com/benbusby/whoogle-search,9625,949,2024-10-31T23:48:17Z
tflearn,tflearn/tflearn,https://github.com/tflearn/tflearn,9620,2410,2024-05-06T11:34:20Z
doccano,doccano/doccano,https://github.com/doccano/doccano,9614,1729,2024-11-22T21:41:34Z
nerfstudio,nerfstudio-project/nerfstudio,https://github.com/nerfstudio-project/nerfstudio,9611,1318,2024-12-02T07:08:48Z
datasette,simonw/datasette,https://github.com/simonw/datasette,9608,690,2024-11-29T13:16:01Z
django-allauth,pennersr/django-allauth,https://github.com/pennersr/django-allauth,9602,3044,2024-12-01T18:39:37Z
promptflow,microsoft/promptflow,https://github.com/microsoft/promptflow,9585,878,2024-12-02T19:54:32Z
txtai,neuml/txtai,https://github.com/neuml/txtai,9570,613,2024-12-01T13:32:44Z
cython,cython/cython,https://github.com/cython/cython,9569,1490,2024-11-27T19:16:21Z
pip,pypa/pip,https://github.com/pypa/pip,9552,3035,2024-12-02T20:26:19Z
hallo,fudan-generative-vision/hallo,https://github.com/fudan-generative-vision/hallo,9550,1306,2024-09-14T13:23:02Z
pifuhd,facebookresearch/pifuhd,https://github.com/facebookresearch/pifuhd,9549,1454,2024-08-19T14:38:14Z
cupy,cupy/cupy,https://github.com/cupy/cupy,9546,858,2024-12-03T08:26:30Z
Douyin_TikTok_Download_API,Evil0ctal/Douyin_TikTok_Download_API,https://github.com/Evil0ctal/Douyin_TikTok_Download_API,9545,1464,2024-11-18T08:00:10Z
PySyft,OpenMined/PySyft,https://github.com/OpenMined/PySyft,9544,1994,2024-12-02T02:33:09Z
falcon,falconry/falcon,https://github.com/falconry/falcon,9536,947,2024-11-27T20:49:38Z
CogVideo,THUDM/CogVideo,https://github.com/THUDM/CogVideo,9525,901,2024-12-02T03:30:20Z
YOLOX,Megvii-BaseDetection/YOLOX,https://github.com/Megvii-BaseDetection/YOLOX,9484,2218,2024-11-20T07:46:56Z
ChatRWKV,BlinkDL/ChatRWKV,https://github.com/BlinkDL/ChatRWKV,9434,699,2024-07-11T05:19:11Z
wait-for-it,vishnubob/wait-for-it,https://github.com/vishnubob/wait-for-it,9426,2273,2024-06-10T23:39:24Z
altair,vega/altair,https://github.com/vega/altair,9413,795,2024-12-02T18:58:23Z
python-prompt-toolkit,prompt-toolkit/python-prompt-toolkit,https://github.com/prompt-toolkit/python-prompt-toolkit,9396,717,2024-12-01T20:24:35Z
coursera-dl,coursera-dl/coursera-dl,https://github.com/coursera-dl/coursera-dl,9387,2212,2024-05-11T21:24:57Z
serverless-application-model,aws/serverless-application-model,https://github.com/aws/serverless-application-model,9361,2385,2024-11-27T01:04:35Z
Douyin-Bot,wangshub/Douyin-Bot,https://github.com/wangshub/Douyin-Bot,9353,1901,2023-10-03T21:08:46Z
Pytorch-UNet,milesial/Pytorch-UNet,https://github.com/milesial/Pytorch-UNet,9345,2517,2024-08-11T03:00:15Z
portia,scrapinghub/portia,https://github.com/scrapinghub/portia,9312,1404,2024-06-26T19:43:46Z
maskrcnn-benchmark,facebookresearch/maskrcnn-benchmark,https://github.com/facebookresearch/maskrcnn-benchmark,9311,2494,2023-02-16T04:01:32Z
youtube-dl-gui,MrS0m30n3/youtube-dl-gui,https://github.com/MrS0m30n3/youtube-dl-gui,9310,1591,2022-12-06T17:12:44Z
Tkinter-Designer,ParthJadhav/Tkinter-Designer,https://github.com/ParthJadhav/Tkinter-Designer,9285,854,2024-08-21T12:18:57Z
WizardLM,nlpxucan/WizardLM,https://github.com/nlpxucan/WizardLM,9285,720,2024-08-05T08:31:05Z
petals,bigscience-workshop/petals,https://github.com/bigscience-workshop/petals,9269,524,2024-09-07T11:54:28Z
icecream,gruns/icecream,https://github.com/gruns/icecream,9257,189,2024-11-28T09:28:07Z
stable-baselines3,DLR-RM/stable-baselines3,https://github.com/DLR-RM/stable-baselines3,9257,1713,2024-12-02T13:40:05Z
fuzzywuzzy,seatgeek/fuzzywuzzy,https://github.com/seatgeek/fuzzywuzzy,9232,876,2023-02-24T19:00:26Z
macos,dockur/macos,https://github.com/dockur/macos,9226,340,2024-12-03T10:57:29Z
FlexLLMGen,FMInference/FlexLLMGen,https://github.com/FMInference/FlexLLMGen,9224,551,2024-10-28T03:05:41Z
minbpe,karpathy/minbpe,https://github.com/karpathy/minbpe,9223,870,2024-07-01T14:20:22Z
Machine-Learning,Jack-Cherish/Machine-Learning,https://github.com/Jack-Cherish/Machine-Learning,9209,5077,2024-07-12T11:28:35Z
wandb,wandb/wandb,https://github.com/wandb/wandb,9203,675,2024-12-03T09:29:03Z
Keras-GAN,eriklindernoren/Keras-GAN,https://github.com/eriklindernoren/Keras-GAN,9193,3138,2022-12-12T05:55:51Z
text-generation-inference,huggingface/text-generation-inference,https://github.com/huggingface/text-generation-inference,9176,1082,2024-12-03T11:11:27Z
TextBlob,sloria/TextBlob,https://github.com/sloria/TextBlob,9175,1152,2024-12-02T23:08:40Z
autokeras,keras-team/autokeras,https://github.com/keras-team/autokeras,9165,1405,2024-11-05T17:02:12Z
paramiko,paramiko/paramiko,https://github.com/paramiko/paramiko,9164,2003,2024-10-02T14:24:28Z
fluentui-emoji,microsoft/fluentui-emoji,https://github.com/microsoft/fluentui-emoji,9152,509,2024-10-02T19:25:31Z
chisel,facebook/chisel,https://github.com/facebook/chisel,9130,804,2024-11-15T05:37:56Z
hacktricks,HackTricks-wiki/hacktricks,https://github.com/HackTricks-wiki/hacktricks,9101,2711,2024-12-02T02:42:21Z
boto3,boto/boto3,https://github.com/boto/boto3,9089,1872,2024-12-03T06:38:34Z
awesome-scala,lauris/awesome-scala,https://github.com/lauris/awesome-scala,9047,1271,2024-09-20T08:21:10Z
pretrained-models.pytorch,Cadene/pretrained-models.pytorch,https://github.com/Cadene/pretrained-models.pytorch,9045,1833,2022-04-22T09:08:45Z
yolov9,WongKinYiu/yolov9,https://github.com/WongKinYiu/yolov9,9038,1437,2024-08-09T13:48:20Z
nougat,facebookresearch/nougat,https://github.com/facebookresearch/nougat,9025,573,2024-04-16T16:57:35Z
OpenChatKit,togethercomputer/OpenChatKit,https://github.com/togethercomputer/OpenChatKit,9011,1013,2024-04-09T19:09:58Z
speechbrain,speechbrain/speechbrain,https://github.com/speechbrain/speechbrain,8999,1406,2024-11-28T10:35:22Z
byob,malwaredllc/byob,https://github.com/malwaredllc/byob,8997,2128,2024-10-25T21:48:58Z
pydub,jiaaro/pydub,https://github.com/jiaaro/pydub,8990,1047,2024-07-25T08:47:51Z
http-prompt,httpie/http-prompt,https://github.com/httpie/http-prompt,8964,326,2024-05-21T06:03:21Z
hamulete,hoochanlon/hamulete,https://github.com/hoochanlon/hamulete,8953,1870,2024-10-17T02:51:56Z
Reinforcement-learning-with-tensorflow,MorvanZhou/Reinforcement-learning-with-tensorflow,https://github.com/MorvanZhou/Reinforcement-learning-with-tensorflow,8947,5011,2024-03-31T05:40:51Z
bisheng,dataelement/bisheng,https://github.com/dataelement/bisheng,8934,1624,2024-12-03T10:09:01Z
fiftyone,voxel51/fiftyone,https://github.com/voxel51/fiftyone,8929,569,2024-12-03T00:41:48Z
awesome-math,rossant/awesome-math,https://github.com/rossant/awesome-math,8923,962,2024-11-16T15:42:55Z
self-operating-computer,OthersideAI/self-operating-computer,https://github.com/OthersideAI/self-operating-computer,8921,1199,2024-11-25T18:54:07Z
attention-is-all-you-need-pytorch,jadore801120/attention-is-all-you-need-pytorch,https://github.com/jadore801120/attention-is-all-you-need-pytorch,8912,1986,2024-04-16T07:27:13Z
instaloader,instaloader/instaloader,https://github.com/instaloader/instaloader,8900,1195,2024-11-21T08:41:56Z
sshuttle,apenwarr/sshuttle,https://github.com/apenwarr/sshuttle,8892,628,2018-02-15T13:16:12Z
pytorch3d,facebookresearch/pytorch3d,https://github.com/facebookresearch/pytorch3d,8858,1322,2024-11-26T10:41:20Z
Book4_Power-of-Matrix,Visualize-ML/Book4_Power-of-Matrix,https://github.com/Visualize-ML/Book4_Power-of-Matrix,8857,1326,2024-09-11T14:47:57Z
hydra,facebookresearch/hydra,https://github.com/facebookresearch/hydra,8846,639,2024-11-18T17:10:58Z
30-seconds-of-python,Chalarangelo/30-seconds-of-python,https://github.com/Chalarangelo/30-seconds-of-python,8835,1254,2023-05-07T17:09:42Z
Mailpile,mailpile/Mailpile,https://github.com/mailpile/Mailpile,8814,1018,2023-11-01T17:23:19Z
so-vits-svc-fork,voicepaw/so-vits-svc-fork,https://github.com/voicepaw/so-vits-svc-fork,8814,1182,2024-12-02T17:17:53Z
pattern,clips/pattern,https://github.com/clips/pattern,8751,1576,2024-06-10T18:46:41Z
pymc,pymc-devs/pymc,https://github.com/pymc-devs/pymc,8750,2024,2024-12-03T05:05:31Z
arrow,arrow-py/arrow,https://github.com/arrow-py/arrow,8737,684,2024-11-20T05:42:05Z
PaddleSeg,PaddlePaddle/PaddleSeg,https://github.com/PaddlePaddle/PaddleSeg,8733,1680,2024-12-03T04:01:36Z
data-science-from-scratch,joelgrus/data-science-from-scratch,https://github.com/joelgrus/data-science-from-scratch,8730,4532,2023-11-09T21:18:24Z
opendrop,seemoo-lab/opendrop,https://github.com/seemoo-lab/opendrop,8727,272,2024-06-11T10:41:13Z
xformers,facebookresearch/xformers,https://github.com/facebookresearch/xformers,8712,623,2024-11-20T13:01:56Z
stable-diffusion-webui-forge,lllyasviel/stable-diffusion-webui-forge,https://github.com/lllyasviel/stable-diffusion-webui-forge,8711,864,2024-12-02T22:15:59Z
awesome-honeypots,paralax/awesome-honeypots,https://github.com/paralax/awesome-honeypots,8709,1262,2024-08-18T13:12:55Z
chinese-dos-games,rwv/chinese-dos-games,https://github.com/rwv/chinese-dos-games,8702,1047,2024-08-07T09:52:31Z
U-2-Net,xuebinqin/U-2-Net,https://github.com/xuebinqin/U-2-Net,8682,1497,2024-06-26T04:16:45Z
ImageAI,OlafenwaMoses/ImageAI,https://github.com/OlafenwaMoses/ImageAI,8655,2192,2024-08-03T09:45:20Z
uvicorn,encode/uvicorn,https://github.com/encode/uvicorn,8646,748,2024-12-01T00:58:10Z
RobustVideoMatting,PeterL1n/RobustVideoMatting,https://github.com/PeterL1n/RobustVideoMatting,8637,1138,2024-04-02T16:26:48Z
pyod,yzhao062/pyod,https://github.com/yzhao062/pyod,8620,1372,2024-11-12T01:59:15Z
vid2vid,NVIDIA/vid2vid,https://github.com/NVIDIA/vid2vid,8616,1202,2022-05-17T05:09:30Z
git-filter-repo,newren/git-filter-repo,https://github.com/newren/git-filter-repo,8605,710,2024-11-30T10:17:20Z
pyro,pyro-ppl/pyro,https://github.com/pyro-ppl/pyro,8592,988,2024-12-02T14:34:53Z
google-images-download,hardikvasa/google-images-download,https://github.com/hardikvasa/google-images-download,8579,2106,2024-02-19T17:21:18Z
microk8s,canonical/microk8s,https://github.com/canonical/microk8s,8560,772,2024-12-03T10:05:56Z
einops,arogozhnikov/einops,https://github.com/arogozhnikov/einops,8558,352,2024-11-19T07:53:40Z
flasky,miguelgrinberg/flasky,https://github.com/miguelgrinberg/flasky,8557,4216,2024-06-30T10:53:23Z
espnet,espnet/espnet,https://github.com/espnet/espnet,8549,2190,2024-11-27T14:39:19Z
WARP-Clash-API,vvbbnn00/WARP-Clash-API,https://github.com/vvbbnn00/WARP-Clash-API,8546,1154,2024-09-04T00:11:27Z
ansible-for-devops,geerlingguy/ansible-for-devops,https://github.com/geerlingguy/ansible-for-devops,8532,3477,2024-03-08T11:04:55Z
supervisor,Supervisor/supervisor,https://github.com/Supervisor/supervisor,8532,1248,2024-07-19T16:08:40Z
FreeAskInternet,nashsu/FreeAskInternet,https://github.com/nashsu/FreeAskInternet,8511,899,2024-04-18T06:46:33Z
ml-ferret,apple/ml-ferret,https://github.com/apple/ml-ferret,8494,499,2024-10-09T02:40:44Z
CrackMapExec,byt3bl33d3r/CrackMapExec,https://github.com/byt3bl33d3r/CrackMapExec,8477,1641,2023-12-06T17:09:42Z
pupy,n1nj4sec/pupy,https://github.com/n1nj4sec/pupy,8474,1820,2024-03-22T08:52:53Z
weiboSpider,dataabc/weiboSpider,https://github.com/dataabc/weiboSpider,8473,1984,2024-05-21T06:52:19Z
denoising-diffusion-pytorch,lucidrains/denoising-diffusion-pytorch,https://github.com/lucidrains/denoising-diffusion-pytorch,8467,1042,2024-10-09T13:34:42Z
bottle,bottlepy/bottle,https://github.com/bottlepy/bottle,8464,1464,2024-11-18T16:32:11Z
pypdf,py-pdf/pypdf,https://github.com/py-pdf/pypdf,8463,1423,2024-12-03T11:43:19Z
speech_recognition,Uberi/speech_recognition,https://github.com/Uberi/speech_recognition,8463,2403,2024-11-09T03:56:18Z
xonsh,xonsh/xonsh,https://github.com/xonsh/xonsh,8461,644,2024-12-02T18:01:29Z
hummingbot,hummingbot/hummingbot,https://github.com/hummingbot/hummingbot,8455,2886,2024-12-02T21:39:24Z
pywal,dylanaraps/pywal,https://github.com/dylanaraps/pywal,8447,330,2024-01-27T15:51:44Z
Monocraft,IdreesInc/Monocraft,https://github.com/IdreesInc/Monocraft,8438,122,2024-11-16T02:36:20Z
apex,NVIDIA/apex,https://github.com/NVIDIA/apex,8432,1406,2024-11-28T11:02:49Z
OneForAll,shmilylty/OneForAll,https://github.com/shmilylty/OneForAll,8431,1313,2024-10-23T15:19:00Z
sigma,SigmaHQ/sigma,https://github.com/SigmaHQ/sigma,8421,2211,2024-12-01T22:29:17Z
anomaly-detection-resources,yzhao062/anomaly-detection-resources,https://github.com/yzhao062/anomaly-detection-resources,8419,1754,2024-07-11T07:31:44Z
demucs,facebookresearch/demucs,https://github.com/facebookresearch/demucs,8413,1076,2024-04-24T20:25:19Z
instructor,instructor-ai/instructor,https://github.com/instructor-ai/instructor,8410,664,2024-12-03T06:43:21Z
videos,3b1b/videos,https://github.com/3b1b/videos,8406,1759,2024-11-30T16:09:51Z
machine_learning_examples,lazyprogrammer/machine_learning_examples,https://github.com/lazyprogrammer/machine_learning_examples,8406,6349,2024-10-22T10:04:41Z
ImageBind,facebookresearch/ImageBind,https://github.com/facebookresearch/ImageBind,8401,773,2024-07-31T18:44:13Z
server,triton-inference-server/server,https://github.com/triton-inference-server/server,8400,1488,2024-12-03T01:09:27Z
DrissionPage,g1879/DrissionPage,https://github.com/g1879/DrissionPage,8390,793,2024-11-11T01:50:19Z
cookiecutter-data-science,drivendataorg/cookiecutter-data-science,https://github.com/drivendataorg/cookiecutter-data-science,8387,2468,2024-11-25T17:51:41Z
python-for-android,kivy/python-for-android,https://github.com/kivy/python-for-android,8386,1867,2024-11-27T12:49:38Z
optimate,nebuly-ai/optimate,https://github.com/nebuly-ai/optimate,8377,639,2024-07-22T02:07:03Z
spyder,spyder-ide/spyder,https://github.com/spyder-ide/spyder,8376,1623,2024-12-02T22:52:27Z
healthchecks,healthchecks/healthchecks,https://github.com/healthchecks/healthchecks,8370,845,2024-12-03T10:49:08Z
mmsegmentation,open-mmlab/mmsegmentation,https://github.com/open-mmlab/mmsegmentation,8359,2626,2024-08-13T08:53:34Z
ctf-wiki,ctf-wiki/ctf-wiki,https://github.com/ctf-wiki/ctf-wiki,8342,1384,2024-11-28T23:54:08Z
stable-dreamfusion,ashawkey/stable-dreamfusion,https://github.com/ashawkey/stable-dreamfusion,8338,735,2023-12-10T23:17:27Z
OctoPrint,OctoPrint/OctoPrint,https://github.com/OctoPrint/OctoPrint,8337,1673,2024-12-03T00:18:30Z
WSABuilds,MustardChef/WSABuilds,https://github.com/MustardChef/WSABuilds,8330,1410,2024-08-16T21:55:11Z
FastUI,pydantic/FastUI,https://github.com/pydantic/FastUI,8315,320,2024-12-01T04:07:08Z
Airtest,AirtestProject/Airtest,https://github.com/AirtestProject/Airtest,8311,1305,2024-10-09T04:15:02Z
conan,conan-io/conan,https://github.com/conan-io/conan,8310,986,2024-12-03T10:33:49Z
vaex,vaexio/vaex,https://github.com/vaexio/vaex,8309,591,2024-10-08T16:23:10Z
metaflow,Netflix/metaflow,https://github.com/Netflix/metaflow,8300,775,2024-12-03T11:05:01Z
LMFlow,OptimalScale/LMFlow,https://github.com/OptimalScale/LMFlow,8294,827,2024-12-02T15:55:33Z
gixy,yandex/gixy,https://github.com/yandex/gixy,8285,395,2024-07-28T20:09:31Z
CodeGeeX,THUDM/CodeGeeX,https://github.com/THUDM/CodeGeeX,8273,604,2024-08-13T05:59:38Z
homelab,khuedoan/homelab,https://github.com/khuedoan/homelab,8256,766,2024-11-25T04:42:42Z
QUANTAXIS,yutiansut/QUANTAXIS,https://github.com/yutiansut/QUANTAXIS,8243,2973,2024-08-30T15:30:14Z
DAIN,baowenbo/DAIN,https://github.com/baowenbo/DAIN,8239,836,2023-02-13T12:40:12Z
gpt-neo,EleutherAI/gpt-neo,https://github.com/EleutherAI/gpt-neo,8237,953,2022-02-25T06:27:12Z
llama-cpp-python,abetlen/llama-cpp-python,https://github.com/abetlen/llama-cpp-python,8229,983,2024-11-28T23:28:02Z
llmware,llmware-ai/llmware,https://github.com/llmware-ai/llmware,8225,1523,2024-11-12T19:53:35Z
deeplake,activeloopai/deeplake,https://github.com/activeloopai/deeplake,8210,632,2024-12-03T03:01:13Z
XAgent,OpenBMB/XAgent,https://github.com/OpenBMB/XAgent,8202,845,2024-08-12T06:41:38Z
pyTelegramBotAPI,eternnoir/pyTelegramBotAPI,https://github.com/eternnoir/pyTelegramBotAPI,8149,2037,2024-11-29T20:23:59Z
TikTokDownloader,JoeanAmier/TikTokDownloader,https://github.com/JoeanAmier/TikTokDownloader,8143,1305,2024-12-02T15:23:54Z
trape,jofpin/trape,https://github.com/jofpin/trape,8143,1296,2024-06-20T19:04:00Z
yewtube,mps-youtube/yewtube,https://github.com/mps-youtube/yewtube,8140,642,2024-09-11T12:03:36Z
py-faster-rcnn,rbgirshick/py-faster-rcnn,https://github.com/rbgirshick/py-faster-rcnn,8139,4114,2019-11-07T04:31:35Z
darts,unit8co/darts,https://github.com/unit8co/darts,8130,886,2024-11-30T17:08:33Z
cog,replicate/cog,https://github.com/replicate/cog,8129,565,2024-12-02T20:14:17Z
marimo,marimo-team/marimo,https://github.com/marimo-team/marimo,8126,297,2024-12-03T04:51:41Z
catboost,catboost/catboost,https://github.com/catboost/catboost,8122,1190,2024-12-03T07:06:05Z
autogluon,autogluon/autogluon,https://github.com/autogluon/autogluon,8120,931,2024-11-27T17:04:12Z
iOS-DeviceSupport,iGhibli/iOS-DeviceSupport,https://github.com/iGhibli/iOS-DeviceSupport,8119,1156,2023-06-09T01:22:16Z
PathPlanning,zhm-real/PathPlanning,https://github.com/zhm-real/PathPlanning,8116,1658,2023-02-06T07:54:46Z
mopidy,mopidy/mopidy,https://github.com/mopidy/mopidy,8113,687,2024-11-10T22:39:31Z
django-debug-toolbar,django-commons/django-debug-toolbar,https://github.com/django-commons/django-debug-toolbar,8112,1049,2024-12-02T23:28:21Z
trax,google/trax,https://github.com/google/trax,8111,817,2024-09-10T20:43:39Z
imagen-pytorch,lucidrains/imagen-pytorch,https://github.com/lucidrains/imagen-pytorch,8110,767,2024-10-07T13:00:53Z
graphene,graphql-python/graphene,https://github.com/graphql-python/graphene,8104,827,2024-11-09T20:43:58Z
waydroid,waydroid/waydroid,https://github.com/waydroid/waydroid,8091,334,2024-09-04T21:33:04Z
gitfiti,gelstudios/gitfiti,https://github.com/gelstudios/gitfiti,8081,1117,2024-10-28T04:54:08Z
EdgeGPT,acheong08/EdgeGPT,https://github.com/acheong08/EdgeGPT,8067,909,2023-08-03T13:37:26Z
AlphaPose,MVIG-SJTU/AlphaPose,https://github.com/MVIG-SJTU/AlphaPose,8065,1977,2024-05-13T14:33:34Z
readthedocs.org,readthedocs/readthedocs.org,https://github.com/readthedocs/readthedocs.org,8062,3593,2024-12-03T10:57:48Z
Bert-VITS2,fishaudio/Bert-VITS2,https://github.com/fishaudio/Bert-VITS2,8042,1138,2024-12-02T20:44:16Z
pysc2,google-deepmind/pysc2,https://github.com/google-deepmind/pysc2,8038,1158,2024-07-23T16:54:42Z
binance-trade-bot,edeng23/binance-trade-bot,https://github.com/edeng23/binance-trade-bot,8030,2213,2024-12-03T06:13:01Z
axolotl,axolotl-ai-cloud/axolotl,https://github.com/axolotl-ai-cloud/axolotl,8027,887,2024-12-03T07:20:49Z
docker-stacks,jupyter/docker-stacks,https://github.com/jupyter/docker-stacks,8026,2991,2024-12-03T11:50:07Z
tianshou,thu-ml/tianshou,https://github.com/thu-ml/tianshou,8022,1130,2024-11-24T05:31:30Z
accelerate,huggingface/accelerate,https://github.com/huggingface/accelerate,8014,980,2024-12-02T18:47:02Z
easytrader,shidenggui/easytrader,https://github.com/shidenggui/easytrader,8010,2680,2024-05-09T07:52:53Z
mage-ai,mage-ai/mage-ai,https://github.com/mage-ai/mage-ai,8003,777,2024-12-03T08:42:56Z
elastalert,Yelp/elastalert,https://github.com/Yelp/elastalert,8003,1734,2024-08-07T06:30:10Z
pysheeet,crazyguitar/pysheeet,https://github.com/crazyguitar/pysheeet,8002,1203,2024-10-30T04:53:16Z
sktime,sktime/sktime,https://github.com/sktime/sktime,8000,1388,2024-12-03T12:07:24Z
python-small-examples,jackzhenguo/python-small-examples,https://github.com/jackzhenguo/python-small-examples,7992,1809,2024-06-26T16:37:35Z
sqlfluff,sqlfluff/sqlfluff,https://github.com/sqlfluff/sqlfluff,7989,733,2024-12-03T02:07:46Z
platformio-core,platformio/platformio-core,https://github.com/platformio/platformio-core,7985,800,2024-12-02T19:32:52Z
imaginAIry,brycedrennan/imaginAIry,https://github.com/brycedrennan/imaginAIry,7983,445,2024-09-22T02:38:06Z
pdm,pdm-project/pdm,https://github.com/pdm-project/pdm,7983,410,2024-12-03T09:58:18Z
TinyLlama,jzhang38/TinyLlama,https://github.com/jzhang38/TinyLlama,7970,469,2024-05-03T20:21:20Z
bypy,houtianze/bypy,https://github.com/houtianze/bypy,7970,1399,2024-05-01T19:39:41Z
lutris,lutris/lutris,https://github.com/lutris/lutris,7963,694,2024-12-02T00:37:22Z
FlareSolverr,FlareSolverr/FlareSolverr,https://github.com/FlareSolverr/FlareSolverr,7962,679,2024-11-29T01:53:35Z
BayesianOptimization,bayesian-optimization/BayesianOptimization,https://github.com/bayesian-optimization/BayesianOptimization,7957,1549,2024-10-21T14:28:23Z
docopt,docopt/docopt,https://github.com/docopt/docopt,7951,561,2024-05-22T11:23:25Z
visidata,saulpw/visidata,https://github.com/saulpw/visidata,7948,283,2024-12-02T06:25:37Z
UFO,microsoft/UFO,https://github.com/microsoft/UFO,7946,1062,2024-12-01T14:44:14Z
EfficientNet-PyTorch,lukemelas/EfficientNet-PyTorch,https://github.com/lukemelas/EfficientNet-PyTorch,7945,1530,2022-04-08T12:30:25Z
pulse,adamian98/pulse,https://github.com/adamian98/pulse,7945,1504,2021-04-30T11:50:25Z
jc,kellyjonbrazil/jc,https://github.com/kellyjonbrazil/jc,7941,210,2024-11-29T01:02:31Z
PaddleGAN,PaddlePaddle/PaddleGAN,https://github.com/PaddlePaddle/PaddleGAN,7918,1247,2024-07-03T15:05:24Z
reactpy,reactive-python/reactpy,https://github.com/reactive-python/reactpy,7898,318,2024-11-24T11:03:42Z
pytorch-cnn-visualizations,utkuozbulak/pytorch-cnn-visualizations,https://github.com/utkuozbulak/pytorch-cnn-visualizations,7885,1493,2022-10-10T07:18:57Z
tensorboardX,lanpa/tensorboardX,https://github.com/lanpa/tensorboardX,7878,863,2024-11-16T04:31:27Z
ASRT_SpeechRecognition,nl8590687/ASRT_SpeechRecognition,https://github.com/nl8590687/ASRT_SpeechRecognition,7878,1897,2024-09-26T15:28:29Z
sygil-webui,Sygil-Dev/sygil-webui,https://github.com/Sygil-Dev/sygil-webui,7874,881,2024-08-14T15:04:35Z
monoid,larsenwork/monoid,https://github.com/larsenwork/monoid,7868,162,2020-10-26T07:45:56Z
text_classification,brightmart/text_classification,https://github.com/brightmart/text_classification,7866,2572,2023-09-28T05:55:11Z
InfoSpider,kangvcar/InfoSpider,https://github.com/kangvcar/InfoSpider,7865,1490,2024-08-20T16:26:26Z
dream-textures,carson-katri/dream-textures,https://github.com/carson-katri/dream-textures,7858,428,2024-08-26T02:23:11Z
paperless,the-paperless-project/paperless,https://github.com/the-paperless-project/paperless,7854,499,2021-04-06T20:00:58Z
jukebox,openai/jukebox,https://github.com/openai/jukebox,7834,1416,2024-06-19T05:14:24Z
BlenderGIS,domlysz/BlenderGIS,https://github.com/domlysz/BlenderGIS,7832,1359,2024-06-06T13:42:41Z
jupyterhub,jupyterhub/jupyterhub,https://github.com/jupyterhub/jupyterhub,7831,2023,2024-12-03T08:46:29Z
keep,keephq/keep,https://github.com/keephq/keep,7829,748,2024-12-03T11:33:32Z
google-api-python-client,googleapis/google-api-python-client,https://github.com/googleapis/google-api-python-client,7827,2416,2024-12-03T07:33:18Z
FlagEmbedding,FlagOpen/FlagEmbedding,https://github.com/FlagOpen/FlagEmbedding,7805,569,2024-12-03T11:52:51Z
pwnagotchi,evilsocket/pwnagotchi,https://github.com/evilsocket/pwnagotchi,7803,1156,2024-08-15T20:52:06Z
pip-tools,jazzband/pip-tools,https://github.com/jazzband/pip-tools,7774,611,2024-12-02T17:53:21Z
bilingual_book_maker,yihong0618/bilingual_book_maker,https://github.com/yihong0618/bilingual_book_maker,7734,1076,2024-11-28T02:07:02Z
VideoLingo,Huanshere/VideoLingo,https://github.com/Huanshere/VideoLingo,7723,742,2024-12-03T11:56:38Z
PaLM-rlhf-pytorch,lucidrains/PaLM-rlhf-pytorch,https://github.com/lucidrains/PaLM-rlhf-pytorch,7718,669,2024-01-14T17:55:25Z
Machine-Learning-Collection,aladdinpersson/Machine-Learning-Collection,https://github.com/aladdinpersson/Machine-Learning-Collection,7714,2699,2024-08-17T12:31:20Z
pwndbg,pwndbg/pwndbg,https://github.com/pwndbg/pwndbg,7712,895,2024-12-02T21:18:56Z
holehe,megadose/holehe,https://github.com/megadose/holehe,7710,873,2024-09-10T20:24:32Z
faster-rcnn.pytorch,jwyang/faster-rcnn.pytorch,https://github.com/jwyang/faster-rcnn.pytorch,7710,2330,2022-05-20T09:01:28Z
VALL-E-X,Plachtaa/VALL-E-X,https://github.com/Plachtaa/VALL-E-X,7706,766,2024-02-11T15:36:45Z
python-dotenv,theskumar/python-dotenv,https://github.com/theskumar/python-dotenv,7704,431,2024-11-01T06:15:26Z
IF,deep-floyd/IF,https://github.com/deep-floyd/IF,7701,503,2024-04-14T05:26:35Z
lerobot,huggingface/lerobot,https://github.com/huggingface/lerobot,7698,745,2024-12-03T11:20:07Z
SpaceshipGenerator,a1studmuffin/SpaceshipGenerator,https://github.com/a1studmuffin/SpaceshipGenerator,7681,437,2024-05-25T16:11:50Z
F5-TTS,SWivid/F5-TTS,https://github.com/SWivid/F5-TTS,7679,960,2024-12-01T08:40:26Z
moto,getmoto/moto,https://github.com/getmoto/moto,7679,2058,2024-12-02T09:24:01Z
PyMySQL,PyMySQL/PyMySQL,https://github.com/PyMySQL/PyMySQL,7679,1425,2024-12-02T09:37:43Z
GLM-130B,THUDM/GLM-130B,https://github.com/THUDM/GLM-130B,7662,608,2023-07-25T09:01:49Z
auto-sklearn,automl/auto-sklearn,https://github.com/automl/auto-sklearn,7659,1284,2024-11-29T14:40:31Z
CodeGeeX2,THUDM/CodeGeeX2,https://github.com/THUDM/CodeGeeX2,7641,531,2024-07-10T12:34:55Z
angr,angr/angr,https://github.com/angr/angr,7621,1087,2024-12-03T06:18:52Z
SPADE,NVlabs/SPADE,https://github.com/NVlabs/SPADE,7612,980,2023-08-07T10:52:48Z
objection,sensepost/objection,https://github.com/sensepost/objection,7608,860,2024-09-13T12:21:03Z
hypothesis,HypothesisWorks/hypothesis,https://github.com/HypothesisWorks/hypothesis,7604,587,2024-12-03T05:29:27Z
fuzzDicts,TheKingOfDuck/fuzzDicts,https://github.com/TheKingOfDuck/fuzzDicts,7598,2429,2023-11-13T03:48:29Z
DeepCTR,shenweichen/DeepCTR,https://github.com/shenweichen/DeepCTR,7592,2217,2024-08-09T12:11:01Z
gitsome,donnemartin/gitsome,https://github.com/donnemartin/gitsome,7591,440,2024-02-08T10:27:14Z
ajenti,ajenti/ajenti,https://github.com/ajenti/ajenti,7570,847,2024-11-25T10:17:46Z
fast-stable-diffusion,TheLastBen/fast-stable-diffusion,https://github.com/TheLastBen/fast-stable-diffusion,7564,1312,2024-11-20T18:47:29Z
TrumpScript,samshadwell/TrumpScript,https://github.com/samshadwell/TrumpScript,7558,395,2019-12-04T13:55:30Z
ultisnips,SirVer/ultisnips,https://github.com/SirVer/ultisnips,7555,691,2024-03-15T19:25:55Z
PyTorch_Tutorial,TingsongYu/PyTorch_Tutorial,https://github.com/TingsongYu/PyTorch_Tutorial,7554,1742,2024-07-30T20:52:28Z
clone-voice,jianchang512/clone-voice,https://github.com/jianchang512/clone-voice,7548,773,2024-11-26T06:47:23Z
FastSAM,CASIA-IVA-Lab/FastSAM,https://github.com/CASIA-IVA-Lab/FastSAM,7542,711,2024-07-30T13:35:06Z
electrum,spesmilo/electrum,https://github.com/spesmilo/electrum,7541,3106,2024-12-01T12:28:18Z
diff-match-patch,google/diff-match-patch,https://github.com/google/diff-match-patch,7530,1119,2024-05-22T22:13:22Z
mealie,mealie-recipes/mealie,https://github.com/mealie-recipes/mealie,7517,753,2024-12-02T20:01:28Z
Gymnasium,Farama-Foundation/Gymnasium,https://github.com/Farama-Foundation/Gymnasium,7507,843,2024-11-28T17:11:28Z
umap,lmcinnes/umap,https://github.com/lmcinnes/umap,7494,809,2024-11-29T15:34:40Z
universe,openai/universe,https://github.com/openai/universe,7478,962,2018-04-05T18:58:15Z
GPT2-Chinese,Morizeyao/GPT2-Chinese,https://github.com/Morizeyao/GPT2-Chinese,7478,1703,2024-04-25T09:14:25Z
EmotiVoice,netease-youdao/EmotiVoice,https://github.com/netease-youdao/EmotiVoice,7474,636,2024-08-13T10:23:52Z
edx-platform,openedx/edx-platform,https://github.com/openedx/edx-platform,7472,3890,2024-12-03T11:53:31Z
real-url,wbt5/real-url,https://github.com/wbt5/real-url,7441,1544,2024-06-07T01:36:57Z
ragas,explodinggradients/ragas,https://github.com/explodinggradients/ragas,7428,753,2024-12-03T10:43:01Z
mae,facebookresearch/mae,https://github.com/facebookresearch/mae,7393,1226,2024-07-23T18:15:40Z
volatility,volatilityfoundation/volatility,https://github.com/volatilityfoundation/volatility,7386,1285,2023-06-14T06:39:09Z
django-ninja,vitalik/django-ninja,https://github.com/vitalik/django-ninja,7380,438,2024-11-29T09:18:35Z
cheatsheets,matplotlib/cheatsheets,https://github.com/matplotlib/cheatsheets,7379,895,2024-07-05T23:45:41Z
Omost,lllyasviel/Omost,https://github.com/lllyasviel/Omost,7361,423,2024-07-26T21:10:06Z
awesome-cheatsheet,detailyang/awesome-cheatsheet,https://github.com/detailyang/awesome-cheatsheet,7360,1020,2024-08-08T14:55:13Z
frappe,frappe/frappe,https://github.com/frappe/frappe,7347,3473,2024-12-03T10:46:09Z
generative-models,wiseodd/generative-models,https://github.com/wiseodd/generative-models,7346,2038,2024-03-24T20:38:46Z
TensorLayer,tensorlayer/TensorLayer,https://github.com/tensorlayer/TensorLayer,7335,1608,2023-02-18T07:58:21Z
starcoder,bigcode-project/starcoder,https://github.com/bigcode-project/starcoder,7334,522,2024-02-27T02:05:57Z
PyTorch-YOLOv3,eriklindernoren/PyTorch-YOLOv3,https://github.com/eriklindernoren/PyTorch-YOLOv3,7334,2632,2024-11-17T15:24:57Z
KeymouseGo,taojy123/KeymouseGo,https://github.com/taojy123/KeymouseGo,7333,1063,2024-08-31T04:57:44Z
MachineLearning_Python,lawlite19/MachineLearning_Python,https://github.com/lawlite19/MachineLearning_Python,7331,2440,2024-05-20T17:21:57Z
PentestGPT,GreyDGL/PentestGPT,https://github.com/GreyDGL/PentestGPT,7326,889,2024-11-09T06:57:45Z
deep-learning-models,fchollet/deep-learning-models,https://github.com/fchollet/deep-learning-models,7319,2457,2020-10-01T05:28:40Z
stanza,stanfordnlp/stanza,https://github.com/stanfordnlp/stanza,7309,896,2024-12-02T21:29:20Z
chainlit,Chainlit/chainlit,https://github.com/Chainlit/chainlit,7305,963,2024-12-03T11:33:32Z
CenterNet,xingyizhou/CenterNet,https://github.com/xingyizhou/CenterNet,7300,1927,2023-03-02T14:23:04Z
iptv-api,Guovin/iptv-api,https://github.com/Guovin/iptv-api,7295,1613,2024-12-03T08:48:24Z
Anti-Anti-Spider,luyishisi/Anti-Anti-Spider,https://github.com/luyishisi/Anti-Anti-Spider,7290,2172,2021-10-17T20:14:19Z
financial-machine-learning,firmai/financial-machine-learning,https://github.com/firmai/financial-machine-learning,7290,1270,2024-12-03T01:31:41Z
featuretools,alteryx/featuretools,https://github.com/alteryx/featuretools,7284,879,2024-12-02T21:04:05Z
hyperopt,hyperopt/hyperopt,https://github.com/hyperopt/hyperopt,7278,1060,2024-10-28T23:29:31Z
ASCII-generator,vietnh1009/ASCII-generator,https://github.com/vietnh1009/ASCII-generator,7274,560,2024-11-22T00:04:58Z
latexify_py,google/latexify_py,https://github.com/google/latexify_py,7272,387,2024-05-13T01:39:51Z
GPTCache,zilliztech/GPTCache,https://github.com/zilliztech/GPTCache,7269,508,2024-09-18T02:05:21Z
Time-Series-Library,thuml/Time-Series-Library,https://github.com/thuml/Time-Series-Library,7268,1152,2024-11-28T08:32:14Z
WeasyPrint,Kozea/WeasyPrint,https://github.com/Kozea/WeasyPrint,7268,688,2024-11-24T11:51:40Z
WeixinBot,Urinx/WeixinBot,https://github.com/Urinx/WeixinBot,7257,1983,2019-11-27T08:44:08Z
programming-talks,hellerve/programming-talks,https://github.com/hellerve/programming-talks,7242,502,2024-04-30T19:45:35Z
gh-proxy,hunshcn/gh-proxy,https://github.com/hunshcn/gh-proxy,7232,1847,2024-08-08T08:09:42Z
aws-shell,awslabs/aws-shell,https://github.com/awslabs/aws-shell,7220,779,2024-02-11T17:10:09Z
librosa,librosa/librosa,https://github.com/librosa/librosa,7205,966,2024-11-26T20:42:35Z
SciencePlots,garrettj403/SciencePlots,https://github.com/garrettj403/SciencePlots,7201,715,2024-10-12T10:48:32Z
