full_name,gpt-4o
idank/bashlex,1
hugovk/random-street-view,1
mgaitan/sphinxcontrib-mermaid,1
multiformats/multicodec,1
bmwcarit/python-dlt,1
laowantong/paroxython,1
raphaelm/python-fints,1
damnever/pigar,1
getslash/flux,1
evoluxbr/greenswitch,1
asmeurer/removestar,1
exodus-privacy/exodus-standalone,1
maxcountryman/flask-bcrypt,1
moira-alert/python-moira-client,1
jasonacox/tinytuya,1
nethserver/dev,1
intgr/topy,1
fatal1ty/aioapns,1
metomi/isodatetime,2
mara/mara-pipelines,2
jaylinski/kodi-addon-soundcloud,2
parsely/streamparse,2
coleifer/scout,2
m-lundberg/simple-pid,2
exodus-privacy/etip,2
serge-sans-paille/gast,2
nmigen/nmigen-soc,2
wimglenn/pytest-structlog,2
pytest-dev/unittest2pytest,2
jwodder/inplace,2
aosingh/lexpy,2
xflr6/graphviz,2
